Titulo,Aplica,Categoria,Symbol
Report Status,ReportStatus,General,
Date Reported,DateReported,General,
Unit ID,UnitId,General,
Unit Description,UnitDescription,General,
Asset Class,AssetClass,General,
Tested Lubricant,TestedLubricant,General,
Date Sampled,DateSampled,General,
Equipment Age,EquipmentAge,General,
Oil Age,OilAge,General,
Oil Changed,OilChanged,General,
Comments,Comments,General,
Oxidation (Ab/cm),OxidationAbCm,Lubricante,Oxid
Visc@100C (cSt),Visc100CCSt,Lubricante,Visc
Water (Vol.%),WaterVolPercent,Lubricante,H20
Ag (Silver),AgSilver,Desgaste,Ag
Al (Aluminum),AlAluminum,Desgaste,Al
Cr (Chromium),CrChromium,Desgaste,Cr
Cu (Copper),CuCopper,Desgaste,Cu
Fe (Iron),FeIron,Desgaste,Fe
Mo (Molybdenum),MoMolybdenum,Desgaste,Mo
Ni (Nickel),NiNickel,Desgaste,Ni
Pb (Lead),PbLead,Desgaste,Pb
Sn (Tin),SnTin,Desgaste,Sn
K (Potassium),KPotassium,Contaminante,K
Na (Sodium),NaSodium,Contaminante,Na
Si (Silicon),SiSilicon,Contaminante,Si
B (Boron),BBoron,Aditivo,B
Ba (Barium),BaBarium,Aditivo,Ba
Ca (Calcium),CaCalcium,Aditivo,Ca
Mg (Magnesium),MgMagnesium,Aditivo,Mg
P (Phosphorus),PPhosphorus,Aditivo,P
Zn (Zinc),ZnZinc,Aditivo,Zn
Sample Bottle ID,SampleBottleID,General,
Sample Status,,,
Asset ID,,,
Position,,,
Service Level,,,
Manufacturer,,,
Alt Manufacturer,,,
Model,,,
Alt Model,,,
Model Year,,,
Serial Number,,,
Account Name,,,
Account ID,,,
Oil Rating,,,
Contamination Rating,,,
Equipment Rating,,,
Parent Account Name,,,
Parent Account ID,,,
ERP Account Number,,,
Days Since Sampled,,,
Date Registered,,,
Date Received,,,
Country,,,
Laboratory,,,
Business Lines,,,
Fully Qualified,,,
LIMS Sample ID,,,
Schedule,,,
Tested Lubricant ID,,,
Registered Lubricant,,,
Registered Lubricant ID,,,
Zone,,,
Work ID,,,
Sampler,,,
IMO No,,,
Service Type,,,
Component Type,,,
Fuel Type,,,
RPM,,,
Cycles,,,
Pressure,,,
kW Rating,,,
Cylinder Number,,,
Target PC 4,,,
Target PC 6,,,
Target PC 14,,,
Equipment UOM,,,
Oil Age UOM,,,
Makeup Volume,,,
MakeUp Volume UOM,,,
Filter Changed,,,
Oil Temp In,,,
Oil Temp Out,,,
Oil Temp UOM,,,
Coolant Temp In,,,
Coolant Temp Out,,,
Coolant Temp UOM,,,
Reservoir Temp,,,
Reservoir Temp UOM,,,
Total Engine Hours,,,
Hrs. Since Last Overhaul,,,
Oil Service Hours,,,
Used Oil Volume,,,
Used Oil Volume UOM,,,
Oil Used in Last 24Hrs,,,
Oil Used in Last 24Hrs UOM,,,
Sulphur %,,,
Engine Power at Sampling,,,
Date Landed,,,
Port Landed,,,
RESULT_Ag,,,
Air Release @50 (min),,,
RESULT_Air Release @50 (min),,,
RESULT_Al,,,
Appearance,,,
RESULT_Appearance,,,
RESULT_ B,,,
RESULT_Ba,,,
RESULT_Ca,,,
Cd (Cadmium),,,
RESULT_Cd,,,
Cl (Chlorine ppm - Xray),,,
RESULT_Cl (Chlorine ppm - Xray),,,
Compatibility,,,
RESULT_Compatibility,,,
Coolant Indicator,,,
RESULT_Coolant Indicator,,,
RESULT_Cr,,,
RESULT_Cu,,,
DAC(%Asphalt.),,,
RESULT_DAC(%Asphalt.),,,
Demul@54C  (min),,,
RESULT_Demul@54C  (min),,,
Demul@54C (min),,,
RESULT_Demul@54C (min),,,
Demul@54C (Oil/Water/Emul/Time),,,
RESULT_Demul@54C (Oil/Water/Emul/Time),,,
Demulsibility @54C (time-min),,,
RESULT_Demulsibility @54C (time-min),,,
Demulsibility @54C (oil),,,
RESULT_Demulsibility @54C (oil),,,
Demulsibility @54C (water),,,
RESULT_Demulsibility @54C (water),,,
Demulsibility @54C (emulsion),,,
RESULT_Demulsibility @54C (emulsion),,,
RESULT_Fe (Iron),,,
Foam Seq 1 - stability (ml),,,
RESULT_Foam Seq 1 - stability (ml),,,
Foam Seq 1 - tendency (ml),,,
RESULT_Foam Seq 1 - tendency (ml),,,
Fuel Dilut. (Vol%),,,
RESULT_Fuel Dilut. (Vol%),,,
Initial pH,,,
RESULT_Initial pH,,,
Insolubles 5u,,,
RESULT_Insolubles 5u,,,
RESULT_K,,,
MCR,,,
RESULT_MCR,,,
RESULT_Mg,,,
Mn (Manganese),,,
RESULT_Mn (Manganese),,,
RESULT_Mo,,,
MPC delta E,,,
RESULT_MPC delta E,,,
RESULT_Na,,,
RESULT_Ni,,,
Nitration (Ab/cm),,,
RESULT_Nitration (Ab/cm),,,
RESULT_Oxidation (Ab/cm),,,
P  (Phosphorus),,,
RESULT_P  (Phosphorus),,,
RESULT_P (Phosphorus),,,
ISO Code (4/6/14),,,
RESULT_ISO Code (4/6/14),,,
Particle Count  >4um,,,
RESULT_Particle Count  >4um,,,
Particle Count  >6um,,,
RESULT_Particle Count  >6um,,,
Particle Count>14um,,,
RESULT_Particle Count>14um,,,
Diluted ISO Code (4/6/14),,,
RESULT_Diluted ISO Code (4/6/14),,,
Particle Count (Diluted) >4um,,,
RESULT_Particle Count (Diluted) >4um,,,
Particle Count (Diluted) >6um,,,
RESULT_Particle Count (Diluted) >6um,,,
Particle Count (Diluted) >14um,,,
RESULT_Particle Count (Diluted) >14um,,,
RESULT_Pb,,,
PM Flash Pt.(°C),,,
RESULT_PM Flash Pt.(°C),,,
PQ Index,,,
RESULT_PQ Index,,,
RESULT_Product,,,
RPVOT (Min),,,
RESULT_RPVOT (Min),,,
RULER-Amine (% vs new),,,
RESULT_RULER-Amine (% vs new),,,
RULER-Phenol (% vs new),,,
RESULT_RULER-Phenol (% vs new),,,
SAE Viscosity Grade,,,
RESULT_SAE Viscosity Grade,,,
RESULT_Si,,,
RESULT_Sn,,,
Soot (Wt%),,,
RESULT_Soot (Wt%),,,
TAN (mg KOH/g),,,
RESULT_TAN (mg KOH/g),,,
TBN (mg KOH/g),,,
RESULT_TBN (mg KOH/g),,,
TBN (mg KOH/g) 2,,,
RESULT_TBN (mg KOH/g) 2,,,
Ti (Titanium),,,
RESULT_Ti,,,
UC Rating,,,
RESULT_UC Rating,,,
V (Vanadium),,,
RESULT_V,,,
RESULT_Visc@100C (cSt),,,
Visc@40C (cSt),,,
RESULT_Visc@40C (cSt),,,
Water (Hot Plate),,,
RESULT_Water (Hot Plate),,,
Water (Vol %),,,
RESULT_Water (Vol%),,,
Water (Vol%),,,
RESULT_Water (Vol%) 2,,,
RESULT_Water (Vol%) 3,,,
Water Free est.,,,
RESULT_Water Free est.,,,
RESULT_Zn,,,
Zn (Zinc) 2,,,
RESULT_Zn 2,,,
Soot (Wt%)- no Ref,,,
RESULT_Soot (Wt%)- no Ref,,,
Oxidation (Abs/cm)- no Ref,,,
RESULT_Oxidation (Abs/cm)- no Ref,,,
Nitration (Abs/cm)- no Ref,,,
RESULT_Nitration (Abs/cm)- no Ref,,,
Water (Abs/cm)- no Ref,,,
RESULT_Water (Abs/cm) - no Ref,,,
Aluminum - GR,,,
RESULT_Aluminum - GR,,,
Antimony - gr,,,
RESULT_Antimony - gr,,,
Appearance - gr,,,
RESULT_Appearance - gr,,,
Barium - GR,,,
RESULT_Barium - GR,,,
Boron - GR,,,
RESULT_Boron - GR,,,
Cadmium - gr,,,
RESULT_Cadmium - gr,,,
Calcium - GR,,,
RESULT_Calcium - GR,,,
Chromium - gr,,,
RESULT_Chromium - gr,,,
Copper - GR,,,
RESULT_Copper - GR,,,
IR Correlation - gr,,,
RESULT_IR Correlation - gr,,,
Ferrous Debris - gr,,,
RESULT_Ferrous Debris - gr,,,
Stress Index - Gr,,,
RESULT_Stress Index - Gr,,,
Grease Thief Video,,,
RESULT_Grease Thief Video,,,
Iron - GR,,,
RESULT_Iron - GR,,,
Lead - gr,,,
RESULT_Lead - gr,,,
Magnesium - GR,,,
RESULT_Magnesium - GR,,,
Manganese - gr,,,
RESULT_Manganese - gr,,,
Molybdenum -gr,,,
RESULT_Molybdenum -gr,,,
Nickel -gr,,,
RESULT_Nickel -gr,,,
Phosphorus - GR,,,
RESULT_Phosphorus - GR,,,
Potassium - Gr,,,
RESULT_Potassium - Gr,,,
Silicon - gr,,,
RESULT_Silicon - gr,,,
Silver - Grease,,,
RESULT_Silver - Grease,,,
Sodium - Gr,,,
RESULT_Sodium - Gr,,,
Tin - gr,,,
RESULT_Tin - gr,,,
Titanium - gr,,,
RESULT_Titanium - gr,,,
Vanadium - gr,,,
RESULT_Vanadium - gr,,,
Water - Gr,,,
RESULT_Water - Gr,,,
Zinc - gr,,,
RESULT_Zinc - gr,,,
Fuel Dilution - INDO,,,
RESULT_Fuel Dilution - INDO,,,
TBN - INDO,,,
RESULT_TBN - INDO,,,
Soot - INDO,,,
RESULT_Soot - INDO,,,
Water - INDO,,,
RESULT_Water - INDO,,,
Oxidation - INDO,,,
RESULT_Oxidation - INDO,,,
Nitration - INDO,,,
RESULT_Nitration - INDO,,,
Boron,,,
RESULT_Boron,,,
Barium,,,
RESULT_Barium,,,
Calcium,,,
RESULT_Calcium,,,
Magnesium,,,
RESULT_Magnesium,,,
Lithium -gr,,,
RESULT_Lithium -gr,,,
Color -gr,,,
RESULT_Color -gr,,,
Chlorine,,,
RESULT_Chlorine,,,
Lithium,,,
RESULT_Lithium,,,
Antimony,,,
RESULT_Antimony,,,
Sulfur,,,
RESULT_Sulfur,,,
Insolubles,,,
RESULT_Insolubles,,,
Aluminum - gr - ICP,,,
RESULT_Aluminum - gr - ICP,,,
Antimony - gr- ICP,,,
RESULT_Antimony - gr- ICP,,,
Barium - gr - ICP,,,
RESULT_Barium - gr - ICP,,,
Boron - gr - ICP,,,
RESULT_Boron - gr - ICP,,,
Cadmium - gr - ICP,,,
RESULT_Cadmium - gr - ICP,,,
Calcium - gr - ICP,,,
RESULT_Calcium - gr - ICP,,,
Chromium - gr - ICP,,,
RESULT_Chromium - gr - ICP,,,
Copper - gr - ICP,,,
RESULT_Copper - gr - ICP,,,
Iron - gr - ICP,,,
RESULT_Iron - gr - ICP,,,
Lead - gr - ICP,,,
RESULT_Lead - gr - ICP,,,
Lithium - gr - ICP,,,
RESULT_Lithium - gr - ICP,,,
Magnesium - gr - ICP,,,
RESULT_Magnesium - gr - ICP,,,
Manganese - gr - ICP,,,
RESULT_Manganese - gr - ICP,,,
Molybdneum - gr - ICP,,,
RESULT_Molybdneum - gr - ICP,,,
Nickel - gr - ICP,,,
RESULT_Nickel - gr - ICP,,,
Phosphorus - gr - ICP,,,
RESULT_Phosphorus - gr - ICP,,,
Potassium - gr - ICP,,,
RESULT_Potassium - gr - ICP,,,
Silicon - gr - ICP,,,
RESULT_Silicon - gr - ICP,,,
Silver - Grease ICP,,,
RESULT_Silver - Grease ICP,,,
Sodium - gr - ICP,,,
RESULT_Sodium - gr - ICP,,,
Tin - gr - ICP,,,
RESULT_Tin - gr - ICP,,,
Titanium - gr - ICP,,,
RESULT_Titanium - gr - ICP,,,
Vanadium - gr - ICP,,,
RESULT_Vanadium - gr - ICP,,,
Zinc - gr - ICP,,,
RESULT_Zinc - gr - ICP,,,
Water (Vol%) - KF - 3P,,,
RESULT_Water (Vol%) - KF - 3P,,,
Water - E2412,,,
RESULT_Water - E2412,,,
