Hora,PLD1,CostoKwHPLD1,PLD2,CostoKwHPLD2,FechaInicio,FechaFin
0,4000,199.35,5300,202.68,20220101,20240101
1,4000,199.35,5300,202.68,20220101,20240101
2,4000,199.35,5300,202.68,20220101,20240101
3,0,199.35,8300,202.68,20220101,20240101
4,0,199.35,5300,202.68,20220101,20240101
5,0,199.35,800,202.68,20220101,20240101
6,0,199.35,800,202.68,20220101,20240101
7,0,199.35,800,202.68,20220101,20240101
8,0,199.35,1300,202.68,20220101,20240101
9,0,199.35,1800,202.68,20220101,20240101
10,0,199.35,1800,202.68,20220101,20240101
11,0,199.35,1800,202.68,20220101,20240101
12,0,199.35,1650,202.68,20220101,20240101
13,0,199.35,1300,202.68,20220101,20240101
14,0,199.35,1300,202.68,20220101,20240101
15,0,199.35,1300,202.68,20220101,20240101
16,0,199.35,1300,202.68,20220101,20240101
17,0,199.35,700,202.68,20220101,20240101
18,0,199.35,600,202.68,20220101,20240101
19,0,199.35,600,202.68,20220101,20240101
20,0,199.35,1000,202.68,20220101,20240101
21,0,199.35,4000,202.68,20220101,20240101
22,4000,199.35,3500,202.68,20220101,20240101
23,4000,199.35,5300,202.68,20220101,20240101
