ChargerName,Empresa,Canopi
ENV08-CH15,ZMOIII,6
ENV08-CH14,ZMOIII,6
ENV08-CH13,ZMOIII,6
ENV08-CH12,ZMOIII,6
ENV08-CH11,ZMOIII,6
ENV08-CH10,ZMOIII,6
ENV08-CH09,ZMOIII,6
ENV08-CH08,ZMOIII,6
ENV08-CH07,ZMOIII,6
ENV08-CH06,ZMOIII,6
ENV08-CH05,ZMOIII,6
ENV08-CH04,ZMOIII,6
ENV08-CH03,ZMOIII,6
ENV08-CH02,ZMOIII,6
ENV08-CH01,ZMOIII,6
ENV07-CH15,ZMOIII,4
ENV07-CH14,ZMOIII,4
ENV07-CH13,ZMOIII,4
ENV07-CH12,ZMOIII,4
ENV07-CH11,ZMOIII,5
ENV07-CH10,ZMOIII,5
ENV07-CH09,ZMOIII,5
ENV07-CH08,ZMOIII,5
ENV07-CH07,ZMOIII,5
ENV07-CH06,ZMOIII,5
ENV07-CH05,ZMOIII,5
ENV07-CH04,ZMOIII,5
ENV07-CH03,ZMOIII,5
ENV07-CH02,ZMOIII,5
ENV07-CH01,ZMOIII,5
ENV06-CH14,ZMOIII,5
ENV06-CH13,ZMOIII,5
ENV06-CH12,ZMOIII,5
ENV06-CH11,ZMOIII,5
ENV06-CH10,ZMOIII,5
ENV06-CH09,ZMOIII,5
ENV06-CH08,ZMOIII,5
ENV06-CH07,ZMOIII,5
ENV06-CH06,ZMOIII,5
ENV06-CH05,ZMOIII,5
ENV06-CH04,ZMOIII,5
ENV06-CH03,ZMOIII,5
ENV06-CH02,ZMOIII,5
ENV06-CH01,ZMOIII,5
ENV05-CH15,ZMOIII,5
ENV05-CH14,ZMOIII,5
ENV05-CH13,ZMOIII,5
ENV05-CH12,ZMOIII,5
ENV05-CH11,ZMOIII,5
ENV05-CH10,ZMOIII,5
ENV05-CH09,ZMOIII,5
ENV05-CH08,ZMOIII,5
ENV05-CH07,ZMOIII,5
ENV05-CH06,ZMOIII,5
ENV05-CH05,ZMOIII,5
ENV05-CH04,ZMOIII,5
ENV05-CH03,ZMOIII,5
ENV05-CH02,ZMOIII,5
ENV05-CH01,ZMOIII,5
ENV04-CH15,ZMOV,3
ENV04-CH14,ZMOV,3
ENV04-CH13,ZMOV,3
ENV04-CH12,ZMOV,3
ENV04-CH11,ZMOV,3
ENV04-CH10,ZMOV,3
ENV04-CH09,ZMOV,3
ENV04-CH08,ZMOV,3
ENV04-CH07,ZMOV,3
ENV04-CH06,ZMOV,3
ENV04-CH05,ZMOV,3
ENV04-CH04,ZMOV,3
ENV04-CH03,ZMOV,3
ENV04-CH02,ZMOV,3
ENV04-CH01,ZMOV,3
ENV03-CH15,ZMOV,4
ENV03-CH14,ZMOV,4
ENV03-CH13,ZMOV,4
ENV03-CH12,ZMOV,4
ENV03-CH11,ZMOV,4
ENV03-CH10,ZMOV,3
ENV03-CH09,ZMOV,3
ENV03-CH08,ZMOV,3
ENV03-CH07,ZMOV,3
ENV03-CH06,ZMOV,3
ENV03-CH05,ZMOV,3
ENV03-CH04,ZMOV,3
ENV03-CH03,ZMOV,2
ENV03-CH02,ZMOV,2
ENV03-CH01,ZMOV,2
ENV02-CH15,ZMOV,2
ENV02-CH14,ZMOV,2
ENV02-CH13,ZMOV,2
ENV02-CH12,ZMOV,2
ENV02-CH11,ZMOV,2
ENV02-CH10,ZMOV,2
ENV02-CH09,ZMOV,2
ENV02-CH08,ZMOV,2
ENV02-CH07,ZMOV,2
ENV02-CH06,ZMOV,2
ENV02-CH05,ZMOV,2
ENV02-CH04,ZMOV,2
ENV02-CH03,ZMOV,2
ENV02-CH02,ZMOV,2
ENV02-CH01,ZMOV,2
ENV01-CH15,ZMOV,1
ENV01-CH14,ZMOV,1
ENV01-CH13,ZMOV,1
ENV01-CH12,ZMOV,1
ENV01-CH11,ZMOV,1
ENV01-CH10,ZMOV,1
ENV01-CH09,ZMOV,1
ENV01-CH08,ZMOV,1
ENV01-CH07,ZMOV,1
ENV01-CH06,ZMOV,1
ENV01-CH05,ZMOV,1
ENV01-CH04,ZMOV,1
ENV01-CH03,ZMOV,1
ENV01-CH02,ZMOV,1
ENV01-CH01,ZMOV,1
