Codigo,DescripcionInfraccion,Puntos,PlazoCorrrecionDias,Inmoviliza,Tipo,DetallaAplicacion,Aplicacion,Relacion,TipoDetalle,EstadoTarjetaConduccion,1ObservacionSuspensionTarjetaConducción,2ObservacionSuspensionTarjetaConducción,3ObservacionSuspensionTarjetaConducción,Observaciones,,,,
I5003-1,"Carencia de elementos, elementos sueltos, elementos rotos, elementos deteriorados o elementos en mal funcionamiento, que conlleven a la inoperatividad y/o la operación deficiente del vehículo y/o al deterioro grave de la imagen del SITP y/o que afecte el control, seguimiento o monitoreo de la operación del vehículo, con respecto a: i) la carrocería externa o interna, ii) estructura del vehículo (chasís), iii) cualquiera de los sistemas del vehículo (frenos, dirección, suspensión, eléctricos, tren motriz, refrigeración, seguridad activa y pasiva, escape, etc.).",30,30,SI,3,"Corresponde a una situación que tiene un impacto alto en la seguridad, operación o gestión del Sistema. Entiéndase por impacto alto a una afectación de la operación que trae como consecuencia una considerable disminución de los estándares de seguridad, operación o gestión del Sistema. Es de atención prioritaria, su correctivo es estricto y su intervención es de carácter inmediato.",Se inicia inmediatamente el procedimiento de aplicación de puntos por infracciones en casos específicos definidos y se generará la inmovilización del vehículo.,Vehiculo,,,,,,,,,,
I5003-3,"Testigos encendidos que indiquen la detención inmediata del vehículo (de color rojo o de alerta de parada); carencia o mal funcionamiento del manómetro y de su alarma; habitáculo de fusibles suelto, desprotegido o con alteraciones.",30,5,SI,3,"Corresponde a una situación que tiene un impacto alto en la seguridad, operación o gestión del Sistema. Entiéndase por impacto alto a una afectación de la operación que trae como consecuencia una considerable disminución de los estándares de seguridad, operación o gestión del Sistema. Es de atención prioritaria, su correctivo es estricto y su intervención es de carácter inmediato.",Se inicia inmediatamente el procedimiento de aplicación de puntos por infracciones en casos específicos definidos y se generará la inmovilización del vehículo.,Vehiculo,,,,,,,,,,
I5013,"Carencia o daño en silla del operador y silla de los usuarios (superficie, estructura, ajuste y/o anclaje con riesgo de desprendimiento); y/o carencia o mal funcionamiento de los cinturones de seguridad de la silla del operador, sillas de uso exclusivo/preferencial, sillas que por diseño del vehículo lo requieran y/o del espacio para la silla de ruedas.",30,0,SI,3,"Corresponde a una situación que tiene un impacto alto en la seguridad, operación o gestión del Sistema. Entiéndase por impacto alto a una afectación de la operación que trae como consecuencia una considerable disminución de los estándares de seguridad, operación o gestión del Sistema. Es de atención prioritaria, su correctivo es estricto y su intervención es de carácter inmediato.",Se inicia inmediatamente el procedimiento de aplicación de puntos por infracciones en casos específicos definidos y se generará la inmovilización del vehículo.,Vehiculo,,,,,,,,,,
I5014,"Sección de pasamanos desprendido, sin recubrimiento, flojo o con aristas vivas o corto punzantes; u operar con vidrios panorámicos distorsionados o que deformen el campo visual del operador; y/o de ventanas frontales, laterales o posteriores, rayados, fisurados, rotos, fragmentados y/o desprendidos.",30,1,SI,3,"Corresponde a una situación que tiene un impacto alto en la seguridad, operación o gestión del Sistema. Entiéndase por impacto alto a una afectación de la operación que trae como consecuencia una considerable disminución de los estándares de seguridad, operación o gestión del Sistema. Es de atención prioritaria, su correctivo es estricto y su intervención es de carácter inmediato.",Se inicia inmediatamente el procedimiento de aplicación de puntos por infracciones en casos específicos definidos y se generará la inmovilización del vehículo.,Vehiculo,,,,,,,,,,
I5016,"Carencia de extintores especificados, o extintores con falta de carga o sobrecarga en los mismos, o con falta de elementos requeridos para su utilización y/o fecha de vencimiento cumplida; carencia de elementos, elementos sueltos, elementos rotos, elementos deteriorados o elementos en mal funcionamiento respecto al Sistema de Extinción de Incendios; y/o carencia, deterioro o mal funcionamiento de martillos de fragmentación y/o de los mecanismos de expulsión de escotillas o ventanas de emergencia.",30,1,SI,3,"Corresponde a una situación que tiene un impacto alto en la seguridad, operación o gestión del Sistema. Entiéndase por impacto alto a una afectación de la operación que trae como consecuencia una considerable disminución de los estándares de seguridad, operación o gestión del Sistema. Es de atención prioritaria, su correctivo es estricto y su intervención es de carácter inmediato.",Se inicia inmediatamente el procedimiento de aplicación de puntos por infracciones en casos específicos definidos y se generará la inmovilización del vehículo.,Vehiculo,,,,,,,,,,
I5017,"Inadecuado funcionamiento (bisagras, chapas, elementos móviles etc.) de las puertas de acceso de pasajeros (mecanismos de apertura externa de emergencia de puertas, sistema de despresurización de puertas, anti-atrapamiento de puertas, door brake, ángel guardián, etc.), puertas de acceso del operador, puertas y/o escotillas de emergencia, señales luminosas y sonoras de apertura y cierre de puertas; ya sea por daño incorrecta operación que afecte el embarque y desembarque, seguro, de pasajeros.",30,1,SI,3,"Corresponde a una situación que tiene un impacto alto en la seguridad, operación o gestión del Sistema. Entiéndase por impacto alto a una afectación de la operación que trae como consecuencia una considerable disminución de los estándares de seguridad, operación o gestión del Sistema. Es de atención prioritaria, su correctivo es estricto y su intervención es de carácter inmediato.",Se inicia inmediatamente el procedimiento de aplicación de puntos por infracciones en casos específicos definidos y se generará la inmovilización del vehículo.,Vehiculo,,,,,,,,,,
I5018,"Utilización de llantas sin las especificaciones de mínimo labrado establecidas por el fabricante o proveedor, y/o defectos en el reencauche (llanta lisa, banda de rodadura suelta y/o daños en la estructura).",30,1,SI,3,"Corresponde a una situación que tiene un impacto alto en la seguridad, operación o gestión del Sistema. Entiéndase por impacto alto a una afectación de la operación que trae como consecuencia una considerable disminución de los estándares de seguridad, operación o gestión del Sistema. Es de atención prioritaria, su correctivo es estricto y su intervención es de carácter inmediato.",Se inicia inmediatamente el procedimiento de aplicación de puntos por infracciones en casos específicos definidos y se generará la inmovilización del vehículo.,Vehiculo,,,,,,,,,,
I5022,"Fugas de combustible, lubricantes o fluidos asociados al funcionamiento mecánico del vehículo.",30,0,SI,3,"Corresponde a una situación que tiene un impacto alto en la seguridad, operación o gestión del Sistema. Entiéndase por impacto alto a una afectación de la operación que trae como consecuencia una considerable disminución de los estándares de seguridad, operación o gestión del Sistema. Es de atención prioritaria, su correctivo es estricto y su intervención es de carácter inmediato.",Se inicia inmediatamente el procedimiento de aplicación de puntos por infracciones en casos específicos definidos y se generará la inmovilización del vehículo.,Vehiculo,,,,,,,,,,
I5023,"Carencia de elementos, elementos sueltos, elementos rotos, elementos deteriorados o elementos en mal funcionamiento con respecto al sistema desempañante; y/o carencia o mal funcionamiento de cualquiera de los componentes del sistema limpia parabrisas.",30,0,SI,3,"Corresponde a una situación que tiene un impacto alto en la seguridad, operación o gestión del Sistema. Entiéndase por impacto alto a una afectación de la operación que trae como consecuencia una considerable disminución de los estándares de seguridad, operación o gestión del Sistema. Es de atención prioritaria, su correctivo es estricto y su intervención es de carácter inmediato.",Se inicia inmediatamente el procedimiento de aplicación de puntos por infracciones en casos específicos definidos y se generará la inmovilización del vehículo.,Vehiculo,,,,,,,,,,
I5028,Carencia del kit de contingencias del vehículo o botiquín de primeros auxilios del vehículo o portar cualquiera de los dos incompleto o en mal estado.,30,0,SI,3,"Corresponde a una situación que tiene un impacto alto en la seguridad, operación o gestión del Sistema. Entiéndase por impacto alto a una afectación de la operación que trae como consecuencia una considerable disminución de los estándares de seguridad, operación o gestión del Sistema. Es de atención prioritaria, su correctivo es estricto y su intervención es de carácter inmediato.",Se inicia inmediatamente el procedimiento de aplicación de puntos por infracciones en casos específicos definidos y se generará la inmovilización del vehículo.,Vehiculo,,,,,,,,,,
I5029,Presentar en una prueba con equipos avalados emisiones gaseosas o de ruido por encima de los parámetros establecidos en la normatividad ambiental vigente.,30,0,SI,3,"Corresponde a una situación que tiene un impacto alto en la seguridad, operación o gestión del Sistema. Entiéndase por impacto alto a una afectación de la operación que trae como consecuencia una considerable disminución de los estándares de seguridad, operación o gestión del Sistema. Es de atención prioritaria, su correctivo es estricto y su intervención es de carácter inmediato.",Se inicia inmediatamente el procedimiento de aplicación de puntos por infracciones en casos específicos definidos y se generará la inmovilización del vehículo.,Vehiculo,,,,,,,,,,
I8017,Inadecuado funcionamiento del dispositivo o elemento para el ascenso y descenso de personas en condición de discapacidad o carencia de dispositivos de mando de estos.,15,1,SI,2,"Corresponde a una situación que tiene un impacto medio en la seguridad, operación o gestión del Sistema. Entiéndase por impacto medio a una afectación de los estándares operacionales y de seguridad moderado y que puede controlarse, que, de no atenderse prontamente, pueden afectar sensiblemente la efectividad en la seguridad, operación o gestión del Sistema.","Si el vehículo sale a operar con el hallazgo identificado, es obligación del Concesionario corregirlo dentro del plazo definido, so pena de la aplicación de puntos por infracciones. Para cada hallazgo se otorga un plazo de corrección; el incumplimiento de este generará puntos por infracciones; según la gravedad del asunto, el vehículo puede adoptar el estado de “vehículo inmovilizado",Vehiculo,,,,,,,,,,
I5027,"Carencia de elementos, elementos sueltos, elementos rotos, elementos deteriorados o elementos en mal estado de los equipos de abordo (SIRCI) para control exigido por TRANSMILENIO S.A.",15,15,SI,2,"Corresponde a una situación que tiene un impacto medio en la seguridad, operación o gestión del Sistema. Entiéndase por impacto medio a una afectación de los estándares operacionales y de seguridad moderado y que puede controlarse, que, de no atenderse prontamente, pueden afectar sensiblemente la efectividad en la seguridad, operación o gestión del Sistema.","Si el vehículo sale a operar con el hallazgo identificado, es obligación del Concesionario corregirlo dentro del plazo definido, so pena de la aplicación de puntos por infracciones. Para cada hallazgo se otorga un plazo de corrección; el incumplimiento de este generará puntos por infracciones; según la gravedad del asunto, el vehículo puede adoptar el estado de “vehículo inmovilizado",Vehiculo,,,,,,,,,,
I5027-1,No portar o inadecuado funcionamiento del equipo ITS no SIRCI instalado y exigido por TRANSMILENIO S.A.,15,5,NO,2,"Corresponde a una situación que tiene un impacto medio en la seguridad, operación o gestión del Sistema. Entiéndase por impacto medio a una afectación de los estándares operacionales y de seguridad moderado y que puede controlarse, que, de no atenderse prontamente, pueden afectar sensiblemente la efectividad en la seguridad, operación o gestión del Sistema.","Si el vehículo sale a operar con el hallazgo identificado, es obligación del Concesionario corregirlo dentro del plazo definido, so pena de la aplicación de puntos por infracciones. Para cada hallazgo se otorga un plazo de corrección; el incumplimiento de este generará puntos por infracciones; según la gravedad del asunto, el vehículo puede adoptar el estado de “vehículo inmovilizado",Vehiculo,,,,,,,,,,
I5012-1,"Carencia o mal funcionamiento de luces frontales, direccionales frontales y/o luz antiniebla, direccionales traseras, delimitadoras, luces de parada o freno, luces de reversa, luces de estacionamiento y señal auditiva de reversa.",15,3,SI,2,"Corresponde a una situación que tiene un impacto medio en la seguridad, operación o gestión del Sistema. Entiéndase por impacto medio a una afectación de los estándares operacionales y de seguridad moderado y que puede controlarse, que, de no atenderse prontamente, pueden afectar sensiblemente la efectividad en la seguridad, operación o gestión del Sistema.","Si el vehículo sale a operar con el hallazgo identificado, es obligación del Concesionario corregirlo dentro del plazo definido, so pena de la aplicación de puntos por infracciones. Para cada hallazgo se otorga un plazo de corrección; el incumplimiento de este generará puntos por infracciones; según la gravedad del asunto, el vehículo puede adoptar el estado de “vehículo inmovilizado",Vehiculo,,,,,,,,,,
I5003-2,"Rayones, abolladuras, carencia de elementos, elementos rotos, elementos sueltos, elementos en mal funcionamiento o en mal estado con respecto a la carrocería externa y/o interna y/o chasís y/o motor, que conlleven deterioro leve de la imagen del SITP.",10,10,NO,1,"Corresponde a una situación que tiene un impacto bajo en la seguridad, operación o gestión del Sistema. Entiéndase por impacto bajo las situaciones manejables que presentan una afectación mínima dentro de la efectividad de la operación en el Sistema, pero que deberán atenderse obligatoriamente en un tiempo prudencial.","Se otorga un tiempo determinado para realizar el respectivo correctivo, de no realizarse dentro de los términos estipulados en el presente Manual, se iniciará el proceso para la imposición de los respectivos puntos por infracciones.",Vehiculo,,,,,,,,,,
I5003-4,"Testigos encendidos con alarma de advertencia de color amarillo o naranja o mensajes de advertencia y/o elementos del tablero de instrumentos, consola, multiplexo del millaré sueltos, carentes o en mal estado de funcionamiento.",10,2,NO,1,"Corresponde a una situación que tiene un impacto bajo en la seguridad, operación o gestión del Sistema. Entiéndase por impacto bajo las situaciones manejables que presentan una afectación mínima dentro de la efectividad de la operación en el Sistema, pero que deberán atenderse obligatoriamente en un tiempo prudencial.","Se otorga un tiempo determinado para realizar el respectivo correctivo, de no realizarse dentro de los términos estipulados en el presente Manual, se iniciará el proceso para la imposición de los respectivos puntos por infracciones.",Vehiculo,,,,,,,,,,
I5005,"Carencia, defectos o errores de instalación, iluminación, disposición, programación, configuración de ruta, visibilidad o legibilidad de los ruteros frontales, laterales y/o posteriores; y/o informadores internos (visual y sonoro). Incluye ruteros electrónicos y tabla ruta tradicional de iluminación o incorrecta disposición en términos de visibilidad de los ruteros frontal, lateral o posterior",10,3,NO,1,"Corresponde a una situación que tiene un impacto bajo en la seguridad, operación o gestión del Sistema. Entiéndase por impacto bajo las situaciones manejables que presentan una afectación mínima dentro de la efectividad de la operación en el Sistema, pero que deberán atenderse obligatoriamente en un tiempo prudencial.","Se otorga un tiempo determinado para realizar el respectivo correctivo, de no realizarse dentro de los términos estipulados en el presente Manual, se iniciará el proceso para la imposición de los respectivos puntos por infracciones.",Vehiculo,,,,,,,,,,
I5006,"Vehículo desaseado en su exterior o interior al inicio de la jornada, y/o con presencia de plagas en su interior.",10,0,NO,1,"Corresponde a una situación que tiene un impacto bajo en la seguridad, operación o gestión del Sistema. Entiéndase por impacto bajo las situaciones manejables que presentan una afectación mínima dentro de la efectividad de la operación en el Sistema, pero que deberán atenderse obligatoriamente en un tiempo prudencial.","Se otorga un tiempo determinado para realizar el respectivo correctivo, de no realizarse dentro de los términos estipulados en el presente Manual, se iniciará el proceso para la imposición de los respectivos puntos por infracciones.",Vehiculo,,,,,,,,,,
I5007,"Carencia, deterioro, obsolescencia o modificación de lo establecido por el Ente Gestor o de lo definido en el Manual de Normas Graficas en cuanto a colores y diseños de pintura, logos, símbolos, identificaciones (placas y/o adhesivos), señalética de emergencia e informativa al interior o exterior de los vehículos.",10,5,NO,1,"Corresponde a una situación que tiene un impacto bajo en la seguridad, operación o gestión del Sistema. Entiéndase por impacto bajo las situaciones manejables que presentan una afectación mínima dentro de la efectividad de la operación en el Sistema, pero que deberán atenderse obligatoriamente en un tiempo prudencial.","Se otorga un tiempo determinado para realizar el respectivo correctivo, de no realizarse dentro de los términos estipulados en el presente Manual, se iniciará el proceso para la imposición de los respectivos puntos por infracciones.",Vehiculo,,,,,,,,,,
I5008,Colocar propaganda o información no autorizada por TRANSMILENIO S.A. en los autobuses o portar en mal estado la autorizada.,10,2,NO,1,"Corresponde a una situación que tiene un impacto bajo en la seguridad, operación o gestión del Sistema. Entiéndase por impacto bajo las situaciones manejables que presentan una afectación mínima dentro de la efectividad de la operación en el Sistema, pero que deberán atenderse obligatoriamente en un tiempo prudencial.","Se otorga un tiempo determinado para realizar el respectivo correctivo, de no realizarse dentro de los términos estipulados en el presente Manual, se iniciará el proceso para la imposición de los respectivos puntos por infracciones.",Vehiculo,,,,,,,,,,
I5012-2,"Operar con carencia o mal funcionamiento de luces internas, luces de placa y/o catadióptricos.",10,3,NO,1,"Corresponde a una situación que tiene un impacto bajo en la seguridad, operación o gestión del Sistema. Entiéndase por impacto bajo las situaciones manejables que presentan una afectación mínima dentro de la efectividad de la operación en el Sistema, pero que deberán atenderse obligatoriamente en un tiempo prudencial.","Se otorga un tiempo determinado para realizar el respectivo correctivo, de no realizarse dentro de los términos estipulados en el presente Manual, se iniciará el proceso para la imposición de los respectivos puntos por infracciones.",Vehiculo,,,,,,,,,,
I5013-1,Presencia de grafitis y/o manchas en el interior o en el exterior del vehículo,10,5,NO,1,"Corresponde a una situación que tiene un impacto bajo en la seguridad, operación o gestión del Sistema. Entiéndase por impacto bajo las situaciones manejables que presentan una afectación mínima dentro de la efectividad de la operación en el Sistema, pero que deberán atenderse obligatoriamente en un tiempo prudencial.","Se otorga un tiempo determinado para realizar el respectivo correctivo, de no realizarse dentro de los términos estipulados en el presente Manual, se iniciará el proceso para la imposición de los respectivos puntos por infracciones.",Vehiculo,,,,,,,,,,
I5001,"Instalar cualquier tipo de aditamentos decorativos o equipamiento no funcionales al interior o exterior del vehículo, que no han sido instalados por el fabricante original del chasis o carrocería",10,2,NO,1,"Corresponde a una situación que tiene un impacto bajo en la seguridad, operación o gestión del Sistema. Entiéndase por impacto bajo las situaciones manejables que presentan una afectación mínima dentro de la efectividad de la operación en el Sistema, pero que deberán atenderse obligatoriamente en un tiempo prudencial.","Se otorga un tiempo determinado para realizar el respectivo correctivo, de no realizarse dentro de los términos estipulados en el presente Manual, se iniciará el proceso para la imposición de los respectivos puntos por infracciones.",Vehiculo,,,,,,,,,,
I6015,"Armas de naturaleza contundente (con referencia al operador) Macanas, tambos, bates, extintores, herramienta, piedras, tubos, botellas y/o similares.",30,,,3,"Se incluyen dentro de esta categoría las situaciones que generan impacto alto en la seguridad operacional, que afectan la prestación del servicio y la integridad de los usuarios o actores de la vía de forma grave y conllevan a una considerable disminución de los estándares operacionales establecidos en términos de calidad del servicio y seguridad.",,Seguridad,"Exhibir, intimidar y/o amenazar (con referencia al operador)",Inoperabilidad inmediata,1 Mes,2 meses,1 año,,,,,
I6015,"Armas blancas (punzantes, cortantes, cortopunzantes, inciso-contusas), de fuego de uso civil (defensa personal, deportivas o de colección) o militar, neumáticas, fogueo, electrochoque, y/o químicas (gas pimienta o similar).",30,,,3,"Se incluyen dentro de esta categoría las situaciones que generan impacto alto en la seguridad operacional, que afectan la prestación del servicio y la integridad de los usuarios o actores de la vía de forma grave y conllevan a una considerable disminución de los estándares operacionales establecidos en términos de calidad del servicio y seguridad.",,Seguridad,"Exhibir, intimidar y/o amenazar (con referencia al operador)",Inoperabilidad inmediata,2 Años,N/A,N/A,,,,,
I6024,Pasar el semáforo en rojo.,30,,,3,"Se incluyen dentro de esta categoría las situaciones que generan impacto alto en la seguridad operacional, que afectan la prestación del servicio y la integridad de los usuarios o actores de la vía de forma grave y conllevan a una considerable disminución de los estándares operacionales establecidos en términos de calidad del servicio y seguridad.",,Seguridad,"Exhibir, intimidar y/o amenazar (con referencia al operador)",Recapacitación (1ra vez) Inoperabilidad inmediata (2da vez),N/A,1 año,N/A,,,,,
I6034,Operar con un código diferente al asignado por el Ente Gestor.,30,,,3,"Se incluyen dentro de esta categoría las situaciones que generan impacto alto en la seguridad operacional, que afectan la prestación del servicio y la integridad de los usuarios o actores de la vía de forma grave y conllevan a una considerable disminución de los estándares operacionales establecidos en términos de calidad del servicio y seguridad.",,Seguridad,"Exhibir, intimidar y/o amenazar (con referencia al operador)",Recapacitación (1ra y 2da vez) Inoperabilidad inmediata (3ra vez),N/A,N/A,1 Mes,,,,,
I8003,Agresión verbal,30,,,3,"Se incluyen dentro de esta categoría las situaciones que generan impacto alto en la seguridad operacional, que afectan la prestación del servicio y la integridad de los usuarios o actores de la vía de forma grave y conllevan a una considerable disminución de los estándares operacionales establecidos en términos de calidad del servicio y seguridad.",,Seguridad,"Maltrato físico por parte de un operador hacia los usuarios, funcionarios del Sistema (incluyendo personal designado por el Ente Gestor para realizar actividades de supervisión), o cualquier actor de la vía.",Inoperabilidad inmediata,15 días,2 meses,6 meses,,,,,
I8003,"Agresión física, riña o incurrir en actos obscenos.",30,,,3,"Se incluyen dentro de esta categoría las situaciones que generan impacto alto en la seguridad operacional, que afectan la prestación del servicio y la integridad de los usuarios o actores de la vía de forma grave y conllevan a una considerable disminución de los estándares operacionales establecidos en términos de calidad del servicio y seguridad.",,Seguridad,"Maltrato físico por parte de un operador hacia los usuarios, funcionarios del Sistema (incluyendo personal designado por el Ente Gestor para realizar actividades de supervisión), o cualquier actor de la vía.",Inoperabilidad inmediata,1 año,N/A,N/A,,,,,
I8003,"Agresión física con armas o elementos de naturaleza contundente (con referencia al operador) Macanas, tambos, bates, extintores, herramienta,piedras, tubos, botellas y/o similares.",30,,,3,"Se incluyen dentro de esta categoría las situaciones que generan impacto alto en la seguridad operacional, que afectan la prestación del servicio y la integridad de los usuarios o actores de la vía de forma grave y conllevan a una considerable disminución de los estándares operacionales establecidos en términos de calidad del servicio y seguridad.",,Seguridad,"Maltrato físico por parte de un operador hacia los usuarios, funcionarios del Sistema (incluyendo personal designado por el Ente Gestor para realizar actividades de supervisión), o cualquier actor de la vía.",Inoperabilidad inmediata,18 meses,N/A,N/A,,,,,
I8003,"Agresión física armas blancas (punzantes, cortantes, cortopunzantes, inciso-contusas), de fuego de uso civil (defensa personal, deportivas o de colección) o militar, neumáticas, fogueo, electrochoque, y/o químicas (gas pimienta, agentes químicos de los extintores o similar).",30,,,3,"Se incluyen dentro de esta categoría las situaciones que generan impacto alto en la seguridad operacional, que afectan la prestación del servicio y la integridad de los usuarios o actores de la vía de forma grave y conllevan a una considerable disminución de los estándares operacionales establecidos en términos de calidad del servicio y seguridad.",,Seguridad,"Maltrato físico por parte de un operador hacia los usuarios, funcionarios del Sistema (incluyendo personal designado por el Ente Gestor para realizar actividades de supervisión), o cualquier actor de la vía.",Inoperabilidad inmediata,2 Años,N/A,N/A,,,,,
I8013,Nivel 1: (0.01 – 0.015 % BAC) (1 – 15 mg/100ml),30,,,3,"Se incluyen dentro de esta categoría las situaciones que generan impacto alto en la seguridad operacional, que afectan la prestación del servicio y la integridad de los usuarios o actores de la vía de forma grave y conllevan a una considerable disminución de los estándares operacionales establecidos en términos de calidad del servicio y seguridad.",,Seguridad,"Presentarse en estado de embriaguez (alcohólica o no alcohólica) a prestar servicio, durante el mismo, o negarse a realizar la prueba solicitada por representantes de TMSA.",Inoperabilidad inmediata,6 meses,6 meses,N/A,,,,,
I8013,Nivel 2: (0.016 – 0.100 % BAC) (16 – 100 mg/100ml),30,,,3,"Se incluyen dentro de esta categoría las situaciones que generan impacto alto en la seguridad operacional, que afectan la prestación del servicio y la integridad de los usuarios o actores de la vía de forma grave y conllevan a una considerable disminución de los estándares operacionales establecidos en términos de calidad del servicio y seguridad.",,Seguridad,"Presentarse en estado de embriaguez (alcohólica o no alcohólica) a prestar servicio, durante el mismo, o negarse a realizar la prueba solicitada por representantes de TMSA.",Inoperabilidad inmediata,1 año,N/A,N/A,,,,,
I8013,Nivel 3 (0.101 – 0.150 % BAC) (101 – 150 mg/100ml),30,,,3,"Se incluyen dentro de esta categoría las situaciones que generan impacto alto en la seguridad operacional, que afectan la prestación del servicio y la integridad de los usuarios o actores de la vía de forma grave y conllevan a una considerable disminución de los estándares operacionales establecidos en términos de calidad del servicio y seguridad.",,Seguridad,"Presentarse en estado de embriaguez (alcohólica o no alcohólica) a prestar servicio, durante el mismo, o negarse a realizar la prueba solicitada por representantes de TMSA.",Inoperabilidad inmediata,18 meses,N/A,N/A,,,,,
I8013,Nivel 4 (> 0.150 % BAC) (>150 mg/100ml),30,,,3,"Se incluyen dentro de esta categoría las situaciones que generan impacto alto en la seguridad operacional, que afectan la prestación del servicio y la integridad de los usuarios o actores de la vía de forma grave y conllevan a una considerable disminución de los estándares operacionales establecidos en términos de calidad del servicio y seguridad.",,Seguridad,"Presentarse en estado de embriaguez (alcohólica o no alcohólica) a prestar servicio, durante el mismo, o negarse a realizar la prueba solicitada por representantes de TMSA.",Inoperabilidad inmediata,2 Años,N/A,N/A,Periodo de suspensión de acuerdo con el protocolo establecido por TMSA,,,,
I6019,"No seguir o desconocer las instrucciones dadas por la autoridad policial, o desconocer las normas de tránsito y/o señalización del Código Nacional de Tránsito CNT o normas y/o estándares aplicables.",15,,,2,"Se incluyen dentro de esta categoría las situaciones que generan impacto medio en la seguridad operacional, que pueden comprometer la seguridad o integridad de los usuarios o actores de la vía de forma moderada y conllevan a una disminución de los estándares operacionales establecidos en términos de calidad del servicio y seguridad",,Seguridad,,Recapacitación,N/A,N/A,N/A,,,,,
I6019-1,No portar el cinturón de seguridad o usarlo inadecuadamente.,15,,,2,"Se incluyen dentro de esta categoría las situaciones que generan impacto medio en la seguridad operacional, que pueden comprometer la seguridad o integridad de los usuarios o actores de la vía de forma moderada y conllevan a una disminución de los estándares operacionales establecidos en términos de calidad del servicio y seguridad",,Seguridad,,"Recapacitación (1ra y 2da vez)
Inoperabilidad inmediata (3ra vez)",N/A,N/A,6 meses,,,,,
I6019-2,Omitir o realizar de forma indebida el PARE,15,,,2,"Se incluyen dentro de esta categoría las situaciones que generan impacto medio en la seguridad operacional, que pueden comprometer la seguridad o integridad de los usuarios o actores de la vía de forma moderada y conllevan a una disminución de los estándares operacionales establecidos en términos de calidad del servicio y seguridad",,Seguridad,,"Recapacitación (1ra y 2da vez)
Inoperabilidad inmediata (3ra vez)",N/A,N/A,6 meses,,,,,
I6026,"Transitar con exceso de velocidad en tramos viales con límite de velocidad entre 20 km/h y 60 km/h, según lo establecido en el CNT, la demarcación o señalización existente (Artículos 74 y 106 del CNT).",15,,,2,"Se incluyen dentro de esta categoría las situaciones que generan impacto medio en la seguridad operacional, que pueden comprometer la seguridad o integridad de los usuarios o actores de la vía de forma moderada y conllevan a una disminución de los estándares operacionales establecidos en términos de calidad del servicio y seguridad",,Seguridad,,"Recapacitación (1ra y 2da vez)
Inoperabilidad inmediata (3ra vez)
O suspensión de acuerdo con el protocolo establecido por TMSA",N/A,N/A,6 meses,,,,,
I6026,"Nota 1: Para tramos viales con límite de velocidad de 50km/h, todo exceso igual o mayor a 60 km/h conlleva a la suspensión de la tarjeta de conducción.",15,,,2,"Se incluyen dentro de esta categoría las situaciones que generan impacto medio en la seguridad operacional, que pueden comprometer la seguridad o integridad de los usuarios o actores de la vía de forma moderada y conllevan a una disminución de los estándares operacionales establecidos en términos de calidad del servicio y seguridad",,Seguridad,,Inoperabilidad inmediata,3 días,8 días,6 meses,,,,,
I6026,Nota 2: Todo exceso de velocidad mayor o igual a 70 km/h conlleva a la suspensión de tarjeta de conducción.,15,,,2,"Se incluyen dentro de esta categoría las situaciones que generan impacto medio en la seguridad operacional, que pueden comprometer la seguridad o integridad de los usuarios o actores de la vía de forma moderada y conllevan a una disminución de los estándares operacionales establecidos en términos de calidad del servicio y seguridad",,Seguridad,,Inoperabilidad inmediata,8 días,15 días,6 meses,,,,,
I6029,Conducir peligrosa o bruscamente el vehículo poniendo en peligro a las personas o cosas (incluye las relacionadas con el arranque y frenado).,15,,,2,"Se incluyen dentro de esta categoría las situaciones que generan impacto medio en la seguridad operacional, que pueden comprometer la seguridad o integridad de los usuarios o actores de la vía de forma moderada y conllevan a una disminución de los estándares operacionales establecidos en términos de calidad del servicio y seguridad",,Seguridad,,"Recapacitación (1ra y 2da vez)
Inoperabilidad inmediata (3ra vez)",N/A,N/A,15 dias,,,,,
I6033 ,"Hacer transbordo de pasajeros de un móvil a otro en la misma ruta sin previa autorización del Centro de Control, o hacerlo con autorización sin cumplir los lineamientos definidos para tal fin.",15,,,2,"Se incluyen dentro de esta categoría las situaciones que generan impacto medio en la seguridad operacional, que pueden comprometer la seguridad o integridad de los usuarios o actores de la vía de forma moderada y conllevan a una disminución de los estándares operacionales establecidos en términos de calidad del servicio y seguridad",,Seguridad,,Inoperabilidad inmediata (3ra vez),N/A,N/A,15 dias,,,,,
I6035,"Manejo peligroso con otro vehículo del Sistema o los demás actores de la vía, y que constituya una conducta deliberada o altamente imprudente.",15,,,2,"Se incluyen dentro de esta categoría las situaciones que generan impacto medio en la seguridad operacional, que pueden comprometer la seguridad o integridad de los usuarios o actores de la vía de forma moderada y conllevan a una disminución de los estándares operacionales establecidos en términos de calidad del servicio y seguridad",,Seguridad,,Inoperabilidad inmediata,3 días,2 meses,1 Año,,,,,
I6012,"Manipular, tener a la mano o usar equipos electrónicos (celulares, dispositivos de audio, manos libres, audífonos, etc.) mientras está en sus labores de conducción, y/o colocar música a través del celular, tabletas, altavoces, u otros dispositivos portátiles.",10,,,1,"Se incluyen dentro de esta categoría las situaciones que generan impacto bajo en la seguridad operacional, denotando conductas indebidas por parte del concesionario, y que bajo ciertas circunstancias o condiciones pueden llegar a generar algún tipo de afectación en la integridad de los usuarios y demás actores de la vía y una disminución de los estándares operacionales establecidos en términos de calidad del servicio y seguridad",,Seguridad,,Recapacitación (1ra y 2da vez) Inoperabilidad inmediata (3ra vez),N/A,N/A,6 meses,,,,,
I6032,Dar reversa en las vías dentro de las cuales se realiza la prestación del servicio sin previa autorización de TRANSMILENIO S.A. (Aplica igualmente a los zonales y alimentadores que operen dentro de una estación o portal del Sistema).,10,,,1,"Se incluyen dentro de esta categoría las situaciones que generan impacto bajo en la seguridad operacional, denotando conductas indebidas por parte del concesionario, y que bajo ciertas circunstancias o condiciones pueden llegar a generar algún tipo de afectación en la integridad de los usuarios y demás actores de la vía y una disminución de los estándares operacionales establecidos en términos de calidad del servicio y seguridad",,Seguridad,,Recapacitación,N/A,N/A,N/A,,,,,
I8024,No aplicar manejo preventivo.,10,,,1,"Se incluyen dentro de esta categoría las situaciones que generan impacto bajo en la seguridad operacional, denotando conductas indebidas por parte del concesionario, y que bajo ciertas circunstancias o condiciones pueden llegar a generar algún tipo de afectación en la integridad de los usuarios y demás actores de la vía y una disminución de los estándares operacionales establecidos en términos de calidad del servicio y seguridad",,Seguridad,,Recapacitación,N/A,N/A,N/A,,,,,
I5019,"Violentar, alterar y/o conectar dispositivos electrónicos a cualquiera de los componentes del equipamiento SIRCI,",30,,,3,"Se incluyen dentro de esta categoría las infracciones que están directamente relacionadas con la operación y la afectan de forma grave, generando una considerable disminución de los estándares operacionales establecidos en términos de calidad del servicio y seguridad. Son hallazgos de atención prioritaria, su correctivo es estricto y de carácter inmediato.",,Supervisión y Operación,,Recapacitación,N/A,N/A,N/A,,,,,
I6009,Operar en horarios o servicios que no le hayan sido autorizados por TRANSMILENIO S.A. al Concesionario.,30,,,3,"Se incluyen dentro de esta categoría las infracciones que están directamente relacionadas con la operación y la afectan de forma grave, generando una considerable disminución de los estándares operacionales establecidos en términos de calidad del servicio y seguridad. Son hallazgos de atención prioritaria, su correctivo es estricto y de carácter inmediato.",,Supervisión y Operación,,Recapacitación,N/A,N/A,N/A,,,,,
I6017-1,"No cumplir instrucciones operativas de los técnicos de centros de control zonal, personal de TRANSMILENIO y/o personas a cargo de la operación designadas por el Ente Gestor (aplica para operadores).",30,,,3,"Se incluyen dentro de esta categoría las infracciones que están directamente relacionadas con la operación y la afectan de forma grave, generando una considerable disminución de los estándares operacionales establecidos en términos de calidad del servicio y seguridad. Son hallazgos de atención prioritaria, su correctivo es estricto y de carácter inmediato.",,Supervisión y Operación,,Inoperabilidad inmediata,8 días,1 mes,6 meses,,,,,
I6017-2,No cumplir instrucciones del personal de TRANSMILENIO y/o personas a cargo de la supervisión de la operación designadas por el Ente Gestor (aplica para todo el personal que intervenga en la operación *diferente a operadores*),30,,,3,"Se incluyen dentro de esta categoría las infracciones que están directamente relacionadas con la operación y la afectan de forma grave, generando una considerable disminución de los estándares operacionales establecidos en términos de calidad del servicio y seguridad. Son hallazgos de atención prioritaria, su correctivo es estricto y de carácter inmediato.",,Supervisión y Operación,,N/A,N/A,N/A,N/A,,,,,
I6020-1,"Omitir, negarse y/o brindar información operacional parcial o equivocada a los Técnicos o Supervisores de TRANSMILENIO o personal a cargo de la operación, (aplica para operadores)",30,,,3,"Se incluyen dentro de esta categoría las infracciones que están directamente relacionadas con la operación y la afectan de forma grave, generando una considerable disminución de los estándares operacionales establecidos en términos de calidad del servicio y seguridad. Son hallazgos de atención prioritaria, su correctivo es estricto y de carácter inmediato.",,Supervisión y Operación,,Recapacitación (1ra y 2da vez) Inoperabilidad inmediata (3ra vez),N/A,N/A,6 meses,,,,,
I6020-2,"Omitir, negarse y/o brindar información operacional parcial o equivocada a los Técnicos o Supervisores de TRANSMILENIO o personal a cargo de la operación, (aplica para todo el personal que interfiera en la operación diferente a operadores)",30,,,3,"Se incluyen dentro de esta categoría las infracciones que están directamente relacionadas con la operación y la afectan de forma grave, generando una considerable disminución de los estándares operacionales establecidos en términos de calidad del servicio y seguridad. Son hallazgos de atención prioritaria, su correctivo es estricto y de carácter inmediato.",,Supervisión y Operación,,N/A,N/A,N/A,N/A,,,,,
I8002,Presentar conductas que afecten gravemente la imagen o el sistema durante la operación.,30,,,3,"Se incluyen dentro de esta categoría las infracciones que están directamente relacionadas con la operación y la afectan de forma grave, generando una considerable disminución de los estándares operacionales establecidos en términos de calidad del servicio y seguridad. Son hallazgos de atención prioritaria, su correctivo es estricto y de carácter inmediato.",,Supervisión y Operación,,Inoperabilidad inmediata,6 meses,1 año,N/A,,,,,
I8006,"Rehusar el transporte a pasajeros sin motivo determinado en la legislación o sin causa justificada, no facilitar el ingreso por las puertas de servicio 2 y/o en su defecto puerta para usuarios vulnerables o en situación de discapacidad.",30,,,3,"Se incluyen dentro de esta categoría las infracciones que están directamente relacionadas con la operación y la afectan de forma grave, generando una considerable disminución de los estándares operacionales establecidos en términos de calidad del servicio y seguridad. Son hallazgos de atención prioritaria, su correctivo es estricto y de carácter inmediato.",,Supervisión y Operación,,Recapacitación (1ra y 2da vez) Inoperabilidad inmediata (3ra vez),N/A,N/A,6 meses,,,,,
I8007,Autorregular los tiempos de un servicio sin autorización del Centro de Control y/o circular en tránsito o no prestar el servicio sin causa justificada.,30,,,3,"Se incluyen dentro de esta categoría las infracciones que están directamente relacionadas con la operación y la afectan de forma grave, generando una considerable disminución de los estándares operacionales establecidos en términos de calidad del servicio y seguridad. Son hallazgos de atención prioritaria, su correctivo es estricto y de carácter inmediato.",,Supervisión y Operación,,Recapacitación (1ra y 2da vez) Inoperabilidad inmediata (3ra vez),N/A,N/A,6 meses,,,,,
I8014,Cobrar tarifa a los pasajeros en el interior de los vehículos o en las zonas de des-alimentación del Sistema (aplica a operadores),30,,,3,"Se incluyen dentro de esta categoría las infracciones que están directamente relacionadas con la operación y la afectan de forma grave, generando una considerable disminución de los estándares operacionales establecidos en términos de calidad del servicio y seguridad. Son hallazgos de atención prioritaria, su correctivo es estricto y de carácter inmediato.",,Supervisión y Operación,,Inoperabilidad inmediata,6 meses,1 año,N/A,,,,,
I8014-1,Cobrar tarifa a los pasajeros en el interior de los vehículos o en las zonas de des-alimentación del Sistema (aplica a supervisores y personal que interfiere en la operación diferente a operadores).,30,,,3,"Se incluyen dentro de esta categoría las infracciones que están directamente relacionadas con la operación y la afectan de forma grave, generando una considerable disminución de los estándares operacionales establecidos en términos de calidad del servicio y seguridad. Son hallazgos de atención prioritaria, su correctivo es estricto y de carácter inmediato.",,Supervisión y Operación,,N/A,N/A,N/A,N/A,,,,,
I8019-1,"Inadecuado funcionamiento del sistema de control de flota por motivo de la no asignación, asignación errada o asignación incompleta de la programación de servicios de conductores.",30,,,3,"Se incluyen dentro de esta categoría las infracciones que están directamente relacionadas con la operación y la afectan de forma grave, generando una considerable disminución de los estándares operacionales establecidos en términos de calidad del servicio y seguridad. Son hallazgos de atención prioritaria, su correctivo es estricto y de carácter inmediato.",,Supervisión y Operación,,N/A,N/A,N/A,N/A,,,,,
I5025,Tiempo de atención en vía (cuando se supera el tiempo máximo definido para retirar el vehículo del sitio en el que presenta el problema),15,,,2,"Se incluyen dentro de esta categoría las infracciones que están directamente relacionadas con la operación y la afectan de forma moderada, generando una disminución de los estándares operacionales establecidos en términos de calidad del servicio y seguridad.",,Supervisión y Operación,,N/A,N/A,N/A,N/A,,,,,
I8022,Movilizar en operación sin autorización de TRANSMILENIO S.A. como Ente Gestor un vehículo que se haya inmovilizado.,15,,,2,"Se incluyen dentro de esta categoría las infracciones que están directamente relacionadas con la operación y la afectan de forma moderada, generando una disminución de los estándares operacionales establecidos en términos de calidad del servicio y seguridad.",,Supervisión y Operación,,N/A,N/A,N/A,N/A,,,,,
I6003-1,"No cumplir con las paradas establecidas en el itinerario de operación (no parar a pesar de haber sido solicitado por un usuario o recoger y/o dejar usuarios en estaciones, paraderos o en lugares no autorizados.",15,,,2,"Se incluyen dentro de esta categoría las infracciones que están directamente relacionadas con la operación y la afectan de forma moderada, generando una disminución de los estándares operacionales establecidos en términos de calidad del servicio y seguridad.",,Supervisión y Operación,,"Recapacitación (1ra y 2da vez)
Inoperabilidad inmediata (3ra vez",N/A,N/A,3 meses,,,,,
I6005,Estacionar fuera de los lugares establecidos por TRANSMILENIO S.A.,15,,,2,"Se incluyen dentro de esta categoría las infracciones que están directamente relacionadas con la operación y la afectan de forma moderada, generando una disminución de los estándares operacionales establecidos en términos de calidad del servicio y seguridad.",,Supervisión y Operación,,Recapacitación,N/A,N/A,N/A,,,,,
I6008,"Transitar por el carril exclusivo sin autorización de TRANSMILENIO S.A., y/o transitar por fuera de las vías, rutas o troncales establecidas.",15,,,2,"Se incluyen dentro de esta categoría las infracciones que están directamente relacionadas con la operación y la afectan de forma moderada, generando una disminución de los estándares operacionales establecidos en términos de calidad del servicio y seguridad.",,Supervisión y Operación,,Recapacitación (1ra y 2da vez) Inoperabilidad inmediata (3ra vez),N/A,N/A,3 meses,,,,,
I6011,Alterar el recorrido de un servicio sin la previa autorización o instrucción de TRANSMILENIO S.A.,15,,,2,"Se incluyen dentro de esta categoría las infracciones que están directamente relacionadas con la operación y la afectan de forma moderada, generando una disminución de los estándares operacionales establecidos en términos de calidad del servicio y seguridad.",,Supervisión y Operación,,Recapacitación,N/A,N/A,N/A,,,,,
I6016-1,Abandono del vehículo por parte del concesionario sin razón justificada (30 minutos o más).,15,,,2,"Se incluyen dentro de esta categoría las infracciones que están directamente relacionadas con la operación y la afectan de forma moderada, generando una disminución de los estándares operacionales establecidos en términos de calidad del servicio y seguridad.",,Supervisión y Operación,,N/A,N/A,N/A,N/A,,,,,
I6016,Abandono del vehículo por parte del operador sin razón justificada (15 minutos o más).,10,,,1,"Se incluyen dentro de esta categoría las infracciones que están directamente relacionadas con la operación y la afectan de forma leve, y que bajo ciertas circunstancias o condiciones conllevan a una disminución de los estándares operacionales establecidos en términos de calidad del servicio y seguridad.",,Supervisión y Operación,,Recapacitación,N/A,N/A,N/A,,,,,
I6025,Incorrecta aproximación a las plataformas y/o paraderos asignados a la ruta o servicio.,10,,,1,"Se incluyen dentro de esta categoría las infracciones que están directamente relacionadas con la operación y la afectan de forma leve, y que bajo ciertas circunstancias o condiciones conllevan a una disminución de los estándares operacionales establecidos en términos de calidad del servicio y seguridad.",,Supervisión y Operación,,Recapacitación,N/A,N/A,N/A,,,,,
I8001,Facilitar el ingreso de personas para realizar cualquier tipo de actividad lucrativa dentro del vehículo.,10,,,1,"Se incluyen dentro de esta categoría las infracciones que están directamente relacionadas con la operación y la afectan de forma leve, y que bajo ciertas circunstancias o condiciones conllevan a una disminución de los estándares operacionales establecidos en términos de calidad del servicio y seguridad.",,Supervisión y Operación,,Recapacitación,N/A,N/A,N/A,,,,,
I8019,Inadecuado funcionamiento del sistema de control de flota por causas atribuibles al Concesionario. (Errores en programación),10,,,1,"Se incluyen dentro de esta categoría las infracciones que están directamente relacionadas con la operación y la afectan de forma leve, y que bajo ciertas circunstancias o condiciones conllevan a una disminución de los estándares operacionales establecidos en términos de calidad del servicio y seguridad.",,Supervisión y Operación,,N/A,N/A,N/A,N/A,,,,,
I7002,"Oponerse a recibir en sus instalaciones personal de fiscalización de TRANSMILENIO S.A., o quien este designe, ocultarle información o suministrar información parcial o equivocada o no cumplir con instrucciones de manera inmediata.",10,,,1,"Se incluyen dentro de esta categoría las infracciones que están directamente relacionadas con la operación y la afectan de forma leve, y que bajo ciertas circunstancias o condiciones conllevan a una disminución de los estándares operacionales establecidos en términos de calidad del servicio y seguridad.",,Supervisión y Operación,,N/A,N/A,N/A,N/A,,,,,
I5023-3,No cumplir con los lineamientos establecidos en los demás manuales y documentos de referencia adoptados por el Ente Gestor.,10,,,1,"Se incluyen dentro de esta categoría las infracciones que están directamente relacionadas con la operación y la afectan de forma leve, y que bajo ciertas circunstancias o condiciones conllevan a una disminución de los estándares operacionales establecidos en términos de calidad del servicio y seguridad.",,Supervisión y Operación,,Recapacitación (aplica para operadores),N/A,N/A,N/A,,,,,
I8007-1,"Transitar con el rutero sin la configuración correspondiente a la ruta, y/o tabla rutero con información no autorizada por el Centro de Control, y/o no prestar el servicio sin causa que lo justifique",30,,,3,,,Supervisión y Operación,,Recapacitación (aplica para operadores),N/A,N/A,N/A,,,,,
