Variable,Ponderacion,FechaIni,FechaFin
WtSv,0.1579,1/04/2022,1/09/2023
WtCs,0.3158,1/04/2022,1/09/2023
WtDp,0.1579,1/04/2022,1/09/2023
WtDpv,0.1579,1/04/2022,1/09/2023
WtIco,0.2105,1/04/2022,1/09/2023
WtIts,0,1/04/2022,1/09/2023
WtEct,1,1/04/2022,1/09/2023
WtSv,0.15,1/10/2023,1/02/2024
WtCs,0.3,1/10/2023,1/02/2024
WtDp,0.15,1/10/2023,1/02/2024
WtDpv,0.15,1/10/2023,1/02/2024
WtIco,0.2,1/10/2023,1/02/2024
WtIts,0.05,1/10/2023,1/02/2024
WtEct,1,1/10/2023,1/02/2024
WtSv,0.1765,1/03/2024,1/09/2025
WtCs,0.3529,1/03/2024,1/09/2025
WtDp,0,1/03/2024,1/09/2025
WtDpv,0.1765,1/03/2024,1/09/2025
WtIco,0.2353,1/03/2024,1/09/2025
WtIts,0.0588,1/03/2024,1/09/2025
WtEct,1,1/03/2024,1/09/2025
WtSv,0.15,1/10/2025,1/12/2026
WtCs,0.3,1/10/2025,1/12/2026
WtDp,0.15,1/10/2025,1/12/2026
WtDpv,0.15,1/10/2025,1/12/2026
WtIco,0.2,1/10/2025,1/12/2026
WtIts,0.05,1/10/2025,1/12/2026
WtEct,1,1/10/2025,1/12/2026
