Mes,Empresa,Tipologia,Rubro,Presupuesto
1/03/2022,ZMOV,Buseton,Chasis,15512865
1/03/2022,ZMOV,Buseton,Carroceria,6293637
1/03/2022,ZMOV,Buseton,Llantas,15972725
1/03/2022,ZMOV,Padron,Chasis,9376341
1/03/2022,ZMOV,Padron,Carroceria,3178861
1/03/2022,ZMOV,Padron,Llantas,7490607
1/04/2022,ZMOV,Buseton,Chasis,47545533
1/04/2022,ZMOV,Buseton,Carroceria,19289430
1/04/2022,ZMOV,Buseton,Llantas,48954964
1/04/2022,ZMOV,Padron,Chasis,28737687
1/04/2022,ZMOV,Padron,Carroceria,9742938
1/04/2022,ZMOV,Padron,Llantas,22958075
1/05/2022,ZMOV,Buseton,Chasis,50560773
1/05/2022,ZMOV,Buseton,Carroceria,20512726
1/05/2022,ZMOV,Buseton,Llantas,52059588
1/05/2022,ZMOV,Padron,Chasis,30560173
1/05/2022,ZMOV,Padron,Carroceria,10360816
1/05/2022,ZMOV,Padron,Llantas,24414030
1/06/2022,ZMOV,Buseton,Chasis,46640309
1/06/2022,ZMOV,Buseton,Carroceria,18922177
1/06/2022,ZMOV,Buseton,Llantas,48022906
1/06/2022,ZMOV,Padron,Chasis,28190548
1/06/2022,ZMOV,Padron,Carroceria,9557442
1/06/2022,ZMOV,Padron,Llantas,22520975
1/07/2022,ZMOV,Buseton,Chasis,50457021
1/07/2022,ZMOV,Buseton,Carroceria,20470634
1/07/2022,ZMOV,Buseton,Llantas,51952760
1/07/2022,ZMOV,Padron,Chasis,30497462
1/07/2022,ZMOV,Padron,Carroceria,10339555
1/07/2022,ZMOV,Padron,Llantas,24363931
1/08/2022,ZMOV,Buseton,Chasis,49578702
1/08/2022,ZMOV,Buseton,Carroceria,20114296
1/08/2022,ZMOV,Buseton,Llantas,51048405
1/08/2022,ZMOV,Padron,Chasis,29966585
1/08/2022,ZMOV,Padron,Carroceria,10159572
1/08/2022,ZMOV,Padron,Llantas,23939822
1/09/2022,ZMOV,Buseton,Chasis,48321067
1/09/2022,ZMOV,Buseton,Carroceria,19604068
1/09/2022,ZMOV,Buseton,Llantas,49753488
1/09/2022,ZMOV,Padron,Chasis,29206439
1/09/2022,ZMOV,Padron,Carroceria,9901860
1/09/2022,ZMOV,Padron,Llantas,23332554
1/10/2022,ZMOV,Buseton,Chasis,47330466
1/10/2022,ZMOV,Buseton,Carroceria,19202177
1/10/2022,ZMOV,Buseton,Llantas,48733522
1/10/2022,ZMOV,Padron,Chasis,28607696
1/10/2022,ZMOV,Padron,Carroceria,9698868
1/10/2022,ZMOV,Padron,Llantas,22854227
1/11/2022,ZMOV,Buseton,Chasis,41935684
1/11/2022,ZMOV,Buseton,Carroceria,17013490
1/11/2022,ZMOV,Buseton,Llantas,43178818
1/11/2022,ZMOV,Padron,Chasis,25346957
1/11/2022,ZMOV,Padron,Carroceria,8593379
1/11/2022,ZMOV,Padron,Llantas,20249276
1/12/2022,ZMOV,Buseton,Chasis,41407044
1/12/2022,ZMOV,Buseton,Carroceria,16799019
1/12/2022,ZMOV,Buseton,Llantas,42634508
1/12/2022,ZMOV,Padron,Chasis,25027434
1/12/2022,ZMOV,Padron,Carroceria,8485052
1/12/2022,ZMOV,Padron,Llantas,19994014
1/04/2022,ZMOIII,Buseton,Chasis,14069269
1/04/2022,ZMOIII,Buseton,Carroceria,13239278
1/04/2022,ZMOIII,Buseton,Llantas,5371233
1/04/2022,ZMOIII,Padron,Chasis,7397121
1/04/2022,ZMOIII,Padron,Carroceria,9259319
1/04/2022,ZMOIII,Padron,Llantas,3227132
1/05/2022,ZMOIII,Buseton,Chasis,45855724
1/05/2022,ZMOIII,Buseton,Carroceria,43150548
1/05/2022,ZMOIII,Buseton,Llantas,17506365
1/05/2022,ZMOIII,Padron,Chasis,24109418
1/05/2022,ZMOIII,Padron,Carroceria,30178872
1/05/2022,ZMOIII,Padron,Llantas,10518182
1/06/2022,ZMOIII,Buseton,Chasis,42300088
1/06/2022,ZMOIII,Buseton,Carroceria,39804670
1/06/2022,ZMOIII,Buseton,Llantas,16148928
1/06/2022,ZMOIII,Padron,Chasis,22239982
1/06/2022,ZMOIII,Padron,Carroceria,27838813
1/06/2022,ZMOIII,Padron,Llantas,9702606
1/07/2022,ZMOIII,Buseton,Chasis,45761627
1/07/2022,ZMOIII,Buseton,Carroceria,43062001
1/07/2022,ZMOIII,Buseton,Llantas,17470442
1/07/2022,ZMOIII,Padron,Chasis,24059944
1/07/2022,ZMOIII,Padron,Carroceria,30116944
1/07/2022,ZMOIII,Padron,Llantas,10496599
1/08/2022,ZMOIII,Buseton,Chasis,44965042
1/08/2022,ZMOIII,Buseton,Carroceria,42312410
1/08/2022,ZMOIII,Buseton,Llantas,17166329
1/08/2022,ZMOIII,Padron,Chasis,23641126
1/08/2022,ZMOIII,Padron,Carroceria,29592690
1/08/2022,ZMOIII,Padron,Llantas,10313882
1/09/2022,ZMOIII,Buseton,Chasis,43824439
1/09/2022,ZMOIII,Buseton,Carroceria,41239094
1/09/2022,ZMOIII,Buseton,Llantas,16730880
1/09/2022,ZMOIII,Padron,Chasis,23041435
1/09/2022,ZMOIII,Padron,Carroceria,28842029
1/09/2022,ZMOIII,Padron,Llantas,10052255
1/10/2022,ZMOIII,Buseton,Chasis,42926021
1/10/2022,ZMOIII,Buseton,Carroceria,40393677
1/10/2022,ZMOIII,Buseton,Llantas,16387891
1/10/2022,ZMOIII,Padron,Chasis,22569077
1/10/2022,ZMOIII,Padron,Carroceria,28250756
1/10/2022,ZMOIII,Padron,Llantas,9846180
1/11/2022,ZMOIII,Buseton,Chasis,38033263
1/11/2022,ZMOIII,Buseton,Carroceria,35789558
1/11/2022,ZMOIII,Buseton,Llantas,14519980
1/11/2022,ZMOIII,Padron,Chasis,19996627
1/11/2022,ZMOIII,Padron,Carroceria,25030702
1/11/2022,ZMOIII,Padron,Llantas,8723901
1/12/2022,ZMOIII,Buseton,Chasis,37553816
1/12/2022,ZMOIII,Buseton,Carroceria,35338396
1/12/2022,ZMOIII,Buseton,Llantas,14336941
1/12/2022,ZMOIII,Padron,Chasis,19744550
1/12/2022,ZMOIII,Padron,Carroceria,24715166
1/12/2022,ZMOIII,Padron,Llantas,8613928
1/01/2023,ZMOIII,Buseton,Llantas,50553709
1/02/2023,ZMOIII,Buseton,Llantas,30653095
1/03/2023,ZMOIII,Buseton,Llantas,105731365
1/04/2023,ZMOIII,Buseton,Llantas,141228602
1/05/2023,ZMOIII,Buseton,Llantas,81819677
1/06/2023,ZMOIII,Buseton,Llantas,74692093
1/07/2023,ZMOIII,Buseton,Llantas,124314507
1/08/2023,ZMOIII,Buseton,Llantas,180011738
1/09/2023,ZMOIII,Buseton,Llantas,117585182
1/10/2023,ZMOIII,Buseton,Llantas,61616783
1/11/2023,ZMOIII,Buseton,Llantas,58912500
1/12/2023,ZMOIII,Buseton,Llantas,9904182
1/01/2023,ZMOIII,Buseton,Chasis,41469047
1/02/2023,ZMOIII,Buseton,Chasis,41521577
1/03/2023,ZMOIII,Buseton,Chasis,42267961
1/04/2023,ZMOIII,Buseton,Chasis,159485139
1/05/2023,ZMOIII,Buseton,Chasis,364976827
1/06/2023,ZMOIII,Buseton,Chasis,457712232
1/07/2023,ZMOIII,Buseton,Chasis,205861202
1/08/2023,ZMOIII,Buseton,Chasis,87692330
1/09/2023,ZMOIII,Buseton,Chasis,73006429
1/10/2023,ZMOIII,Buseton,Chasis,173939343
1/11/2023,ZMOIII,Buseton,Chasis,267437214
1/12/2023,ZMOIII,Buseton,Chasis,203778735
1/01/2023,ZMOIII,Buseton,Carroceria,61438463
1/02/2023,ZMOIII,Buseton,Carroceria,66250149
1/03/2023,ZMOIII,Buseton,Carroceria,66288845
1/04/2023,ZMOIII,Buseton,Carroceria,62192429
1/05/2023,ZMOIII,Buseton,Carroceria,77751887
1/06/2023,ZMOIII,Buseton,Carroceria,72127763
1/07/2023,ZMOIII,Buseton,Carroceria,78526838
1/08/2023,ZMOIII,Buseton,Carroceria,66399916
1/09/2023,ZMOIII,Buseton,Carroceria,69781340
1/10/2023,ZMOIII,Buseton,Carroceria,64736808
1/11/2023,ZMOIII,Buseton,Carroceria,62554096
1/12/2023,ZMOIII,Buseton,Carroceria,54841908
1/01/2023,ZMOIII,Padron,Llantas,49051079
1/02/2023,ZMOIII,Padron,Llantas,14494414
1/03/2023,ZMOIII,Padron,Llantas,18717947
1/04/2023,ZMOIII,Padron,Llantas,118535890
1/05/2023,ZMOIII,Padron,Llantas,89039924
1/06/2023,ZMOIII,Padron,Llantas,89278432
1/07/2023,ZMOIII,Padron,Llantas,27186404
1/08/2023,ZMOIII,Padron,Llantas,23402760
1/09/2023,ZMOIII,Padron,Llantas,20393090
1/10/2023,ZMOIII,Padron,Llantas,45679445
1/11/2023,ZMOIII,Padron,Llantas,26159567
1/12/2023,ZMOIII,Padron,Llantas,65794365
1/01/2023,ZMOIII,Padron,Chasis,19398066
1/02/2023,ZMOIII,Padron,Chasis,18572359
1/03/2023,ZMOIII,Padron,Chasis,33559819
1/04/2023,ZMOIII,Padron,Chasis,116664026
1/05/2023,ZMOIII,Padron,Chasis,168998419
1/06/2023,ZMOIII,Padron,Chasis,94677649
1/07/2023,ZMOIII,Padron,Chasis,92567356
1/08/2023,ZMOIII,Padron,Chasis,52367561
1/09/2023,ZMOIII,Padron,Chasis,60426147
1/10/2023,ZMOIII,Padron,Chasis,182681218
1/11/2023,ZMOIII,Padron,Chasis,136405079
1/12/2023,ZMOIII,Padron,Chasis,144611500
1/01/2023,ZMOIII,Padron,Carroceria,31597304
1/02/2023,ZMOIII,Padron,Carroceria,32367851
1/03/2023,ZMOIII,Padron,Carroceria,29850602
1/04/2023,ZMOIII,Padron,Carroceria,40021631
1/05/2023,ZMOIII,Padron,Carroceria,36057131
1/06/2023,ZMOIII,Padron,Carroceria,36894395
1/07/2023,ZMOIII,Padron,Carroceria,38027386
1/08/2023,ZMOIII,Padron,Carroceria,34856197
1/09/2023,ZMOIII,Padron,Carroceria,35265548
1/10/2023,ZMOIII,Padron,Carroceria,38471603
1/11/2023,ZMOIII,Padron,Carroceria,29608412
1/12/2023,ZMOIII,Padron,Carroceria,26140932
1/01/2023,ZMOV,Buseton,Llantas,57484463
1/02/2023,ZMOV,Buseton,Llantas,111688153
1/03/2023,ZMOV,Buseton,Llantas,87038728
1/04/2023,ZMOV,Buseton,Llantas,97843643
1/05/2023,ZMOV,Buseton,Llantas,130447250
1/06/2023,ZMOV,Buseton,Llantas,164320203
1/07/2023,ZMOV,Buseton,Llantas,164286992
1/08/2023,ZMOV,Buseton,Llantas,141717942
1/09/2023,ZMOV,Buseton,Llantas,99113609
1/10/2023,ZMOV,Buseton,Llantas,78267474
1/11/2023,ZMOV,Buseton,Llantas,116714068
1/12/2023,ZMOV,Buseton,Llantas,172766630
1/01/2023,ZMOV,Buseton,Chasis,47473216
1/02/2023,ZMOV,Buseton,Chasis,57884608
1/03/2023,ZMOV,Buseton,Chasis,230847333
1/04/2023,ZMOV,Buseton,Chasis,345997996
1/05/2023,ZMOV,Buseton,Chasis,333562494
1/06/2023,ZMOV,Buseton,Chasis,228306028
1/07/2023,ZMOV,Buseton,Chasis,200195456
1/08/2023,ZMOV,Buseton,Chasis,211923741
1/09/2023,ZMOV,Buseton,Chasis,269864755
1/10/2023,ZMOV,Buseton,Chasis,192438921
1/11/2023,ZMOV,Buseton,Chasis,189429392
1/12/2023,ZMOV,Buseton,Chasis,207392634
1/01/2023,ZMOV,Buseton,Carroceria,75790656
1/02/2023,ZMOV,Buseton,Carroceria,68928548
1/03/2023,ZMOV,Buseton,Carroceria,79322749
1/04/2023,ZMOV,Buseton,Carroceria,78790649
1/05/2023,ZMOV,Buseton,Carroceria,87416406
1/06/2023,ZMOV,Buseton,Carroceria,74329961
1/07/2023,ZMOV,Buseton,Carroceria,88401674
1/08/2023,ZMOV,Buseton,Carroceria,75431819
1/09/2023,ZMOV,Buseton,Carroceria,80686445
1/10/2023,ZMOV,Buseton,Carroceria,69169933
1/11/2023,ZMOV,Buseton,Carroceria,69854557
1/12/2023,ZMOV,Buseton,Carroceria,67914973
1/01/2023,ZMOV,Padron,Llantas,26173789
1/02/2023,ZMOV,Padron,Llantas,22165884
1/03/2023,ZMOV,Padron,Llantas,93275238
1/04/2023,ZMOV,Padron,Llantas,132293803
1/05/2023,ZMOV,Padron,Llantas,55191312
1/06/2023,ZMOV,Padron,Llantas,34048930
1/07/2023,ZMOV,Padron,Llantas,25511733
1/08/2023,ZMOV,Padron,Llantas,39829893
1/09/2023,ZMOV,Padron,Llantas,45453545
1/10/2023,ZMOV,Padron,Llantas,37472094
1/11/2023,ZMOV,Padron,Llantas,47190497
1/12/2023,ZMOV,Padron,Llantas,36117603
1/01/2023,ZMOV,Padron,Chasis,19146238
1/02/2023,ZMOV,Padron,Chasis,27619348
1/03/2023,ZMOV,Padron,Chasis,105348535
1/04/2023,ZMOV,Padron,Chasis,169770282
1/05/2023,ZMOV,Padron,Chasis,135680081
1/06/2023,ZMOV,Padron,Chasis,73256216
1/07/2023,ZMOV,Padron,Chasis,48903472
1/08/2023,ZMOV,Padron,Chasis,140936989
1/09/2023,ZMOV,Padron,Chasis,139084661
1/10/2023,ZMOV,Padron,Chasis,170801819
1/11/2023,ZMOV,Padron,Chasis,169904126
1/12/2023,ZMOV,Padron,Chasis,103317358
1/01/2023,ZMOV,Padron,Carroceria,33368064
1/02/2023,ZMOV,Padron,Carroceria,37534851
1/03/2023,ZMOV,Padron,Carroceria,36688567
1/04/2023,ZMOV,Padron,Carroceria,44068333
1/05/2023,ZMOV,Padron,Carroceria,38809560
1/06/2023,ZMOV,Padron,Carroceria,35008866
1/07/2023,ZMOV,Padron,Carroceria,35731083
1/08/2023,ZMOV,Padron,Carroceria,39862459
1/09/2023,ZMOV,Padron,Carroceria,35529000
1/10/2023,ZMOV,Padron,Carroceria,40486553
1/11/2023,ZMOV,Padron,Carroceria,33685854
1/12/2023,ZMOV,Padron,Carroceria,34532636
1/01/2024,ZMOIII,Buseton,Carroceria,55311174
1/02/2024,ZMOIII,Buseton,Carroceria,81153115
1/03/2024,ZMOIII,Buseton,Carroceria,104974660
1/04/2024,ZMOIII,Buseton,Carroceria,115648697
1/05/2024,ZMOIII,Buseton,Carroceria,162643724
1/06/2024,ZMOIII,Buseton,Carroceria,159543156
1/07/2024,ZMOIII,Buseton,Carroceria,123027177
1/08/2024,ZMOIII,Buseton,Carroceria,122824837
1/09/2024,ZMOIII,Buseton,Carroceria,102327744
1/10/2024,ZMOIII,Buseton,Carroceria,83435499
1/11/2024,ZMOIII,Buseton,Carroceria,73123247
1/12/2024,ZMOIII,Buseton,Carroceria,73523247
1/01/2024,ZMOIII,Buseton,Chasis,106491033
1/02/2024,ZMOIII,Buseton,Chasis,119533421
1/03/2024,ZMOIII,Buseton,Chasis,147235122
1/04/2024,ZMOIII,Buseton,Chasis,168472609
1/05/2024,ZMOIII,Buseton,Chasis,325958831
1/06/2024,ZMOIII,Buseton,Chasis,327974044
1/07/2024,ZMOIII,Buseton,Chasis,208588477
1/08/2024,ZMOIII,Buseton,Chasis,198539712
1/09/2024,ZMOIII,Buseton,Chasis,108748860
1/10/2024,ZMOIII,Buseton,Chasis,114962206
1/11/2024,ZMOIII,Buseton,Chasis,99572392
1/12/2024,ZMOIII,Buseton,Chasis,87310363
1/01/2024,ZMOIII,Buseton,Llantas,88552213
1/02/2024,ZMOIII,Buseton,Llantas,79194775
1/03/2024,ZMOIII,Buseton,Llantas,74571018
1/04/2024,ZMOIII,Buseton,Llantas,39970286
1/05/2024,ZMOIII,Buseton,Llantas,31543353
1/06/2024,ZMOIII,Buseton,Llantas,68455822
1/07/2024,ZMOIII,Buseton,Llantas,82761096
1/08/2024,ZMOIII,Buseton,Llantas,63617681
1/09/2024,ZMOIII,Buseton,Llantas,10980865
1/10/2024,ZMOIII,Buseton,Llantas,43806773
1/11/2024,ZMOIII,Buseton,Llantas,71668542
1/12/2024,ZMOIII,Buseton,Llantas,102560371
1/01/2024,ZMOIII,Padron,Carroceria,36585766
1/02/2024,ZMOIII,Padron,Carroceria,50350284
1/03/2024,ZMOIII,Padron,Carroceria,49024295
1/04/2024,ZMOIII,Padron,Carroceria,89017114
1/05/2024,ZMOIII,Padron,Carroceria,100387300
1/06/2024,ZMOIII,Padron,Carroceria,79284669
1/07/2024,ZMOIII,Padron,Carroceria,103509370
1/08/2024,ZMOIII,Padron,Carroceria,64948100
1/09/2024,ZMOIII,Padron,Carroceria,51999567
1/10/2024,ZMOIII,Padron,Carroceria,43325249
1/11/2024,ZMOIII,Padron,Carroceria,40436899
1/12/2024,ZMOIII,Padron,Carroceria,34679682
1/01/2024,ZMOIII,Padron,Chasis,65072285
1/02/2024,ZMOIII,Padron,Chasis,45676351
1/03/2024,ZMOIII,Padron,Chasis,54606843
1/04/2024,ZMOIII,Padron,Chasis,108045336
1/05/2024,ZMOIII,Padron,Chasis,133038826
1/06/2024,ZMOIII,Padron,Chasis,93806885
1/07/2024,ZMOIII,Padron,Chasis,137436053
1/08/2024,ZMOIII,Padron,Chasis,77000229
1/09/2024,ZMOIII,Padron,Chasis,66154565
1/10/2024,ZMOIII,Padron,Chasis,56428547
1/11/2024,ZMOIII,Padron,Chasis,48444544
1/12/2024,ZMOIII,Padron,Chasis,53170455
1/01/2024,ZMOIII,Padron,Llantas,4189438
1/02/2024,ZMOIII,Padron,Llantas,14624925
1/03/2024,ZMOIII,Padron,Llantas,47924564
1/04/2024,ZMOIII,Padron,Llantas,80527980
1/05/2024,ZMOIII,Padron,Llantas,48716275
1/06/2024,ZMOIII,Padron,Llantas,51304602
1/07/2024,ZMOIII,Padron,Llantas,26857027
1/08/2024,ZMOIII,Padron,Llantas,2291750
1/09/2024,ZMOIII,Padron,Llantas,2196261
1/10/2024,ZMOIII,Padron,Llantas,2148516
1/11/2024,ZMOIII,Padron,Llantas,2005281
1/12/2024,ZMOIII,Padron,Llantas,1671068
1/01/2024,ZMOV,Buseton,Carroceria,64685949
1/02/2024,ZMOV,Buseton,Carroceria,88974570
1/03/2024,ZMOV,Buseton,Carroceria,107042558
1/04/2024,ZMOV,Buseton,Carroceria,115715696
1/05/2024,ZMOV,Buseton,Carroceria,150087380
1/06/2024,ZMOV,Buseton,Carroceria,137264254
1/07/2024,ZMOV,Buseton,Carroceria,117514254
1/08/2024,ZMOV,Buseton,Carroceria,121244090
1/09/2024,ZMOV,Buseton,Carroceria,123096222
1/10/2024,ZMOV,Buseton,Carroceria,109812093
1/11/2024,ZMOV,Buseton,Carroceria,110576703
1/12/2024,ZMOV,Buseton,Carroceria,87970016
1/01/2024,ZMOV,Buseton,Chasis,96015684
1/02/2024,ZMOV,Buseton,Chasis,132198181
1/03/2024,ZMOV,Buseton,Chasis,168966333
1/04/2024,ZMOV,Buseton,Chasis,202416667
1/05/2024,ZMOV,Buseton,Chasis,215533101
1/06/2024,ZMOV,Buseton,Chasis,181646689
1/07/2024,ZMOV,Buseton,Chasis,170138375
1/08/2024,ZMOV,Buseton,Chasis,159074081
1/09/2024,ZMOV,Buseton,Chasis,237364059
1/10/2024,ZMOV,Buseton,Chasis,162963673
1/11/2024,ZMOV,Buseton,Chasis,148237166
1/12/2024,ZMOV,Buseton,Chasis,104941093
1/01/2024,ZMOV,Buseton,Llantas,104144446
1/02/2024,ZMOV,Buseton,Llantas,74899063
1/03/2024,ZMOV,Buseton,Llantas,57467307
1/04/2024,ZMOV,Buseton,Llantas,37329288
1/05/2024,ZMOV,Buseton,Llantas,54836213
1/06/2024,ZMOV,Buseton,Llantas,61137154
1/07/2024,ZMOV,Buseton,Llantas,79785883
1/08/2024,ZMOV,Buseton,Llantas,63856405
1/09/2024,ZMOV,Buseton,Llantas,33318829
1/10/2024,ZMOV,Buseton,Llantas,105634157
1/11/2024,ZMOV,Buseton,Llantas,186922867
1/12/2024,ZMOV,Buseton,Llantas,151023173
1/01/2024,ZMOV,Padron,Carroceria,55085221
1/02/2024,ZMOV,Padron,Carroceria,71270650
1/03/2024,ZMOV,Padron,Carroceria,90760415
1/04/2024,ZMOV,Padron,Carroceria,81263015
1/05/2024,ZMOV,Padron,Carroceria,88053004
1/06/2024,ZMOV,Padron,Carroceria,69319830
1/07/2024,ZMOV,Padron,Carroceria,57896864
1/08/2024,ZMOV,Padron,Carroceria,57896864
1/09/2024,ZMOV,Padron,Carroceria,49891734
1/10/2024,ZMOV,Padron,Carroceria,46889883
1/11/2024,ZMOV,Padron,Carroceria,45433082
1/12/2024,ZMOV,Padron,Carroceria,31391332
1/01/2024,ZMOV,Padron,Chasis,49038299
1/02/2024,ZMOV,Padron,Chasis,77291213
1/03/2024,ZMOV,Padron,Chasis,115524820
1/04/2024,ZMOV,Padron,Chasis,94142058
1/05/2024,ZMOV,Padron,Chasis,98792699
1/06/2024,ZMOV,Padron,Chasis,99728291
1/07/2024,ZMOV,Padron,Chasis,78821663
1/08/2024,ZMOV,Padron,Chasis,63262975
1/09/2024,ZMOV,Padron,Chasis,53438143
1/10/2024,ZMOV,Padron,Chasis,47834646
1/11/2024,ZMOV,Padron,Chasis,46792795
1/12/2024,ZMOV,Padron,Chasis,43079911
1/01/2024,ZMOV,Padron,Llantas,14338456
1/02/2024,ZMOV,Padron,Llantas,15321147
1/03/2024,ZMOV,Padron,Llantas,37871035
1/04/2024,ZMOV,Padron,Llantas,41925083
1/05/2024,ZMOV,Padron,Llantas,38424022
1/06/2024,ZMOV,Padron,Llantas,48590094
1/07/2024,ZMOV,Padron,Llantas,39881265
1/08/2024,ZMOV,Padron,Llantas,10017889
1/09/2024,ZMOV,Padron,Llantas,6851042
1/10/2024,ZMOV,Padron,Llantas,5315363
1/11/2024,ZMOV,Padron,Llantas,2244005
1/12/2024,ZMOV,Padron,Llantas,1527833
1/01/2025,ZMOIII,Buseton,Carroceria,86369008
1/01/2025,ZMOIII,Buseton,Chasis,55326538
1/01/2025,ZMOIII,Buseton,Its,16265855
1/01/2025,ZMOIII,Buseton,Llantas,69352477
1/01/2025,ZMOV,Buseton,Carroceria,82914248
1/01/2025,ZMOV,Buseton,Chasis,69303051
1/01/2025,ZMOV,Buseton,Its,15615220
1/01/2025,ZMOV,Buseton,Llantas,70317489
1/01/2025,ZMOIII,Padron,Carroceria,49415017
1/01/2025,ZMOIII,Padron,Chasis,28176313
1/01/2025,ZMOIII,Padron,Its,8024488
1/01/2025,ZMOIII,Padron,Llantas,5103764
1/01/2025,ZMOV,Padron,Carroceria,45894963
1/01/2025,ZMOV,Padron,Chasis,22059723
1/01/2025,ZMOV,Padron,Its,7807610
1/01/2025,ZMOV,Padron,Llantas,22221020
1/02/2025,ZMOIII,Buseton,Carroceria,96088407
1/02/2025,ZMOIII,Buseton,Chasis,43339342
1/02/2025,ZMOIII,Buseton,Its,18000879
1/02/2025,ZMOIII,Buseton,Llantas,84201324
1/02/2025,ZMOV,Buseton,Carroceria,98391580
1/02/2025,ZMOV,Buseton,Chasis,92866036
1/02/2025,ZMOV,Buseton,Its,18434635
1/02/2025,ZMOV,Buseton,Llantas,94507496
1/02/2025,ZMOIII,Padron,Carroceria,57721308
1/02/2025,ZMOIII,Padron,Chasis,40428398
1/02/2025,ZMOIII,Padron,Its,9325756
1/02/2025,ZMOIII,Padron,Llantas,5374783
1/02/2025,ZMOV,Padron,Carroceria,63664361
1/02/2025,ZMOV,Padron,Chasis,69570458
1/02/2025,ZMOV,Padron,Its,9976391
1/02/2025,ZMOV,Padron,Llantas,5510292
1/03/2025,ZMOIII,Buseton,Carroceria,106069628
1/03/2025,ZMOIII,Buseton,Chasis,54351005
1/03/2025,ZMOIII,Buseton,Its,19519026
1/03/2025,ZMOIII,Buseton,Llantas,93632824
1/03/2025,ZMOV,Buseton,Carroceria,104149514
1/03/2025,ZMOV,Buseton,Chasis,76710660
1/03/2025,ZMOV,Buseton,Its,19519026
1/03/2025,ZMOV,Buseton,Llantas,82888468
1/03/2025,ZMOIII,Padron,Carroceria,47291734
1/03/2025,ZMOIII,Padron,Chasis,47290892
1/03/2025,ZMOIII,Padron,Its,7807610
1/03/2025,ZMOIII,Padron,Llantas,8491080
1/03/2025,ZMOV,Padron,Carroceria,70787146
1/03/2025,ZMOV,Padron,Chasis,84407274
1/03/2025,ZMOV,Padron,Its,9325756
1/03/2025,ZMOV,Padron,Llantas,22537208
1/04/2025,ZMOIII,Buseton,Carroceria,107621375
1/04/2025,ZMOIII,Buseton,Chasis,102057796
1/04/2025,ZMOIII,Buseton,Its,17350245
1/04/2025,ZMOIII,Buseton,Llantas,95867215
1/04/2025,ZMOV,Buseton,Carroceria,111075975
1/04/2025,ZMOV,Buseton,Chasis,104851581
1/04/2025,ZMOV,Buseton,Its,20386538
1/04/2025,ZMOV,Buseton,Llantas,85755236
1/04/2025,ZMOIII,Padron,Carroceria,71384302
1/04/2025,ZMOIII,Padron,Chasis,61318323
1/04/2025,ZMOIII,Padron,Its,11060781
1/04/2025,ZMOIII,Padron,Llantas,5736141
1/04/2025,ZMOV,Padron,Carroceria,90872694
1/04/2025,ZMOV,Padron,Chasis,131811234
1/04/2025,ZMOV,Padron,Its,11060781
1/04/2025,ZMOV,Padron,Llantas,12601111
1/05/2025,ZMOIII,Buseton,Carroceria,125505770
1/05/2025,ZMOIII,Buseton,Chasis,208566671
1/05/2025,ZMOIII,Buseton,Its,19302148
1/05/2025,ZMOIII,Buseton,Llantas,73199464
1/05/2025,ZMOV,Buseton,Carroceria,108290099
1/05/2025,ZMOV,Buseton,Chasis,117842926
1/05/2025,ZMOV,Buseton,Its,18651513
1/05/2025,ZMOV,Buseton,Llantas,80065177
1/05/2025,ZMOIII,Padron,Carroceria,72445136
1/05/2025,ZMOIII,Padron,Chasis,98809003
1/05/2025,ZMOIII,Padron,Its,9976391
1/05/2025,ZMOIII,Padron,Llantas,36402657
1/05/2025,ZMOV,Padron,Carroceria,66757324
1/05/2025,ZMOV,Padron,Chasis,99947628
1/05/2025,ZMOV,Padron,Its,9759513
1/05/2025,ZMOV,Padron,Llantas,22627547
1/06/2025,ZMOIII,Buseton,Carroceria,131197942
1/06/2025,ZMOIII,Buseton,Chasis,264805128
1/06/2025,ZMOIII,Buseton,Its,18651513
1/06/2025,ZMOIII,Buseton,Llantas,82222743
1/06/2025,ZMOV,Buseton,Carroceria,110253972
1/06/2025,ZMOV,Buseton,Chasis,145106199
1/06/2025,ZMOV,Buseton,Its,18217757
1/06/2025,ZMOV,Buseton,Llantas,90675717
1/06/2025,ZMOIII,Padron,Carroceria,70668129
1/06/2025,ZMOIII,Padron,Chasis,105462751
1/06/2025,ZMOIII,Padron,Its,8892000
1/06/2025,ZMOIII,Padron,Llantas,25879354
1/06/2025,ZMOV,Padron,Carroceria,49574276
1/06/2025,ZMOV,Padron,Chasis,72862254
1/06/2025,ZMOV,Padron,Its,7807610
1/06/2025,ZMOV,Padron,Llantas,15356050
1/07/2025,ZMOIII,Buseton,Carroceria,109504224
1/07/2025,ZMOIII,Buseton,Chasis,228707078
1/07/2025,ZMOIII,Buseton,Its,16916489
1/07/2025,ZMOIII,Buseton,Llantas,49143272
1/07/2025,ZMOV,Buseton,Carroceria,129659049
1/07/2025,ZMOV,Buseton,Chasis,182727748
1/07/2025,ZMOV,Buseton,Its,20169660
1/07/2025,ZMOV,Buseton,Llantas,63207787
1/07/2025,ZMOIII,Padron,Carroceria,66904123
1/07/2025,ZMOIII,Padron,Chasis,90464053
1/07/2025,ZMOIII,Padron,Its,9542634
1/07/2025,ZMOIII,Padron,Llantas,12284923
1/07/2025,ZMOV,Padron,Carroceria,56630595
1/07/2025,ZMOV,Padron,Chasis,134403831
1/07/2025,ZMOV,Padron,Its,8892000
1/07/2025,ZMOV,Padron,Llantas,12149413
1/08/2025,ZMOIII,Buseton,Carroceria,115734982
1/08/2025,ZMOIII,Buseton,Chasis,224948814
1/08/2025,ZMOIII,Buseton,Its,18868391
1/08/2025,ZMOIII,Buseton,Llantas,50606845
1/08/2025,ZMOV,Buseton,Carroceria,128712832
1/08/2025,ZMOV,Buseton,Chasis,232203374
1/08/2025,ZMOV,Buseton,Its,18434635
1/08/2025,ZMOV,Buseton,Llantas,47830417
1/08/2025,ZMOIII,Padron,Carroceria,78187420
1/08/2025,ZMOIII,Padron,Chasis,108001791
1/08/2025,ZMOIII,Padron,Its,11928293
1/08/2025,ZMOIII,Padron,Llantas,23079245
1/08/2025,ZMOV,Padron,Carroceria,64138597
1/08/2025,ZMOV,Padron,Chasis,132162863
1/08/2025,ZMOV,Padron,Its,10627025
1/08/2025,ZMOV,Padron,Llantas,26240711
1/09/2025,ZMOIII,Buseton,Carroceria,110052688
1/09/2025,ZMOIII,Buseton,Chasis,208564431
1/09/2025,ZMOIII,Buseton,Its,19952782
1/09/2025,ZMOIII,Buseton,Llantas,44403471
1/09/2025,ZMOV,Buseton,Carroceria,117070912
1/09/2025,ZMOV,Buseton,Chasis,188430766
1/09/2025,ZMOV,Buseton,Its,17784001
1/09/2025,ZMOV,Buseton,Llantas,50380996
1/09/2025,ZMOIII,Padron,Carroceria,59706831
1/09/2025,ZMOIII,Padron,Chasis,102439636
1/09/2025,ZMOIII,Padron,Its,8892000
1/09/2025,ZMOIII,Padron,Llantas,22446869
1/09/2025,ZMOV,Padron,Carroceria,55863359
1/09/2025,ZMOV,Padron,Chasis,119428759
1/09/2025,ZMOV,Padron,Its,9542634
1/09/2025,ZMOV,Padron,Llantas,32879833
1/10/2025,ZMOIII,Buseton,Carroceria,99436463
1/10/2025,ZMOIII,Buseton,Chasis,218989234
1/10/2025,ZMOIII,Buseton,Its,18651513
1/10/2025,ZMOIII,Buseton,Llantas,44660975
1/10/2025,ZMOV,Buseton,Carroceria,133338775
1/10/2025,ZMOV,Buseton,Chasis,181759077
1/10/2025,ZMOV,Buseton,Its,22555319
1/10/2025,ZMOV,Buseton,Llantas,56218386
1/10/2025,ZMOIII,Padron,Carroceria,50364933
1/10/2025,ZMOIII,Padron,Chasis,116947984
1/10/2025,ZMOIII,Padron,Its,8675122
1/10/2025,ZMOIII,Padron,Llantas,12104244
1/10/2025,ZMOV,Padron,Carroceria,53526096
1/10/2025,ZMOV,Padron,Chasis,116314154
1/10/2025,ZMOV,Padron,Its,9759513
1/10/2025,ZMOV,Padron,Llantas,12330092
1/11/2025,ZMOIII,Buseton,Carroceria,97239994
1/11/2025,ZMOIII,Buseton,Chasis,296262194
1/11/2025,ZMOIII,Buseton,Its,18217757
1/11/2025,ZMOIII,Buseton,Llantas,52056904
1/11/2025,ZMOV,Buseton,Carroceria,99019114
1/11/2025,ZMOV,Buseton,Chasis,192458023
1/11/2025,ZMOV,Buseton,Its,16699611
1/11/2025,ZMOV,Buseton,Llantas,57641416
1/11/2025,ZMOIII,Padron,Carroceria,52634018
1/11/2025,ZMOIII,Padron,Chasis,112883670
1/11/2025,ZMOIII,Padron,Its,9759513
1/11/2025,ZMOIII,Padron,Llantas,12330092
1/11/2025,ZMOV,Padron,Carroceria,52509176
1/11/2025,ZMOV,Padron,Chasis,109472798
1/11/2025,ZMOV,Padron,Its,9108878
1/11/2025,ZMOV,Padron,Llantas,5329613
1/12/2025,ZMOIII,Buseton,Carroceria,83618025
1/12/2025,ZMOIII,Buseton,Chasis,237238988
1/12/2025,ZMOIII,Buseton,Its,15181464
1/12/2025,ZMOIII,Buseton,Llantas,75555851
1/12/2025,ZMOV,Buseton,Carroceria,95433646
1/12/2025,ZMOV,Buseton,Chasis,150540047
1/12/2025,ZMOV,Buseton,Its,17350245
1/12/2025,ZMOV,Buseton,Llantas,44346481
1/12/2025,ZMOIII,Padron,Carroceria,51035849
1/12/2025,ZMOIII,Padron,Chasis,114558737
1/12/2025,ZMOIII,Padron,Its,8892000
1/12/2025,ZMOIII,Padron,Llantas,12149413
1/12/2025,ZMOV,Padron,Carroceria,57959208
1/12/2025,ZMOV,Padron,Chasis,99752733
1/12/2025,ZMOV,Padron,Its,7807610
1/12/2025,ZMOV,Padron,Llantas,3342352
1/01/2026,ZMOIII,Buseton,Carroceria,61344915
1/02/2026,ZMOIII,Buseton,Carroceria,53057748
1/03/2026,ZMOIII,Buseton,Carroceria,94246071
1/04/2026,ZMOIII,Buseton,Carroceria,159876240
1/05/2026,ZMOIII,Buseton,Carroceria,133666304
1/06/2026,ZMOIII,Buseton,Carroceria,118699615
1/07/2026,ZMOIII,Buseton,Carroceria,102434182
1/08/2026,ZMOIII,Buseton,Carroceria,110876043
1/09/2026,ZMOIII,Buseton,Carroceria,116936151
1/10/2026,ZMOIII,Buseton,Carroceria,89705441
1/11/2026,ZMOIII,Buseton,Carroceria,166685761
1/12/2026,ZMOIII,Buseton,Carroceria,176803519
1/01/2026,ZMOIII,Buseton,Chasis,547504713
1/02/2026,ZMOIII,Buseton,Chasis,248704120
1/03/2026,ZMOIII,Buseton,Chasis,251179527
1/04/2026,ZMOIII,Buseton,Chasis,302236951
1/05/2026,ZMOIII,Buseton,Chasis,239205593
1/06/2026,ZMOIII,Buseton,Chasis,226081290
1/07/2026,ZMOIII,Buseton,Chasis,230652276
1/08/2026,ZMOIII,Buseton,Chasis,191925852
1/09/2026,ZMOIII,Buseton,Chasis,201088807
1/10/2026,ZMOIII,Buseton,Chasis,128348964
1/11/2026,ZMOIII,Buseton,Chasis,139804519
1/12/2026,ZMOIII,Buseton,Chasis,127435581
1/01/2026,ZMOIII,Buseton,Its,18819550
1/02/2026,ZMOIII,Buseton,Its,14959129
1/03/2026,ZMOIII,Buseton,Its,19060826
1/04/2026,ZMOIII,Buseton,Its,18578274
1/05/2026,ZMOIII,Buseton,Its,22197418
1/06/2026,ZMOIII,Buseton,Its,18578274
1/07/2026,ZMOIII,Buseton,Its,16648063
1/08/2026,ZMOIII,Buseton,Its,19784655
1/09/2026,ZMOIII,Buseton,Its,21232313
1/10/2026,ZMOIII,Buseton,Its,19060826
1/11/2026,ZMOIII,Buseton,Its,15441682
1/12/2026,ZMOIII,Buseton,Its,20749760
1/01/2026,ZMOIII,Buseton,Llantas,57991966
1/02/2026,ZMOIII,Buseton,Llantas,59590960
1/03/2026,ZMOIII,Buseton,Llantas,66884675
1/04/2026,ZMOIII,Buseton,Llantas,55507924
1/05/2026,ZMOIII,Buseton,Llantas,66674204
1/06/2026,ZMOIII,Buseton,Llantas,77280826
1/07/2026,ZMOIII,Buseton,Llantas,70455665
1/08/2026,ZMOIII,Buseton,Llantas,67040860
1/09/2026,ZMOIII,Buseton,Llantas,60944562
1/10/2026,ZMOIII,Buseton,Llantas,64452695
1/11/2026,ZMOIII,Buseton,Llantas,60467437
1/12/2026,ZMOIII,Buseton,Llantas,78521734
1/01/2026,ZMOIII,Padron,Carroceria,21705469
1/02/2026,ZMOIII,Padron,Carroceria,37370377
1/03/2026,ZMOIII,Padron,Carroceria,46617955
1/04/2026,ZMOIII,Padron,Carroceria,37069309
1/05/2026,ZMOIII,Padron,Carroceria,48478062
1/06/2026,ZMOIII,Padron,Carroceria,47060819
1/07/2026,ZMOIII,Padron,Carroceria,63491972
1/08/2026,ZMOIII,Padron,Carroceria,76308801
1/09/2026,ZMOIII,Padron,Carroceria,47663685
1/10/2026,ZMOIII,Padron,Carroceria,46053484
1/11/2026,ZMOIII,Padron,Carroceria,46258614
1/12/2026,ZMOIII,Padron,Carroceria,41417127
1/01/2026,ZMOIII,Padron,Chasis,121188455
1/02/2026,ZMOIII,Padron,Chasis,133284915
1/03/2026,ZMOIII,Padron,Chasis,129787563
1/04/2026,ZMOIII,Padron,Chasis,104251496
1/05/2026,ZMOIII,Padron,Chasis,103755510
1/06/2026,ZMOIII,Padron,Chasis,78587959
1/07/2026,ZMOIII,Padron,Chasis,98120651
1/08/2026,ZMOIII,Padron,Chasis,73460153
1/09/2026,ZMOIII,Padron,Chasis,72123290
1/10/2026,ZMOIII,Padron,Chasis,71305898
1/11/2026,ZMOIII,Padron,Chasis,69437812
1/12/2026,ZMOIII,Padron,Chasis,64567855
1/01/2026,ZMOIII,Padron,Its,6755736
1/02/2026,ZMOIII,Padron,Its,9168499
1/03/2026,ZMOIII,Padron,Its,9651051
1/04/2026,ZMOIII,Padron,Its,7962117
1/05/2026,ZMOIII,Padron,Its,7479564
1/06/2026,ZMOIII,Padron,Its,8444670
1/07/2026,ZMOIII,Padron,Its,9892327
1/08/2026,ZMOIII,Padron,Its,8203393
1/09/2026,ZMOIII,Padron,Its,7962117
1/10/2026,ZMOIII,Padron,Its,9892327
1/11/2026,ZMOIII,Padron,Its,7962117
1/12/2026,ZMOIII,Padron,Its,7479564
1/01/2026,ZMOIII,Padron,Llantas,39772475
1/02/2026,ZMOIII,Padron,Llantas,35677685
1/03/2026,ZMOIII,Padron,Llantas,22023770
1/04/2026,ZMOIII,Padron,Llantas,29322289
1/05/2026,ZMOIII,Padron,Llantas,21555216
1/06/2026,ZMOIII,Padron,Llantas,29426412
1/07/2026,ZMOIII,Padron,Llantas,22075832
1/08/2026,ZMOIII,Padron,Llantas,38605162
1/09/2026,ZMOIII,Padron,Llantas,33937695
1/10/2026,ZMOIII,Padron,Llantas,31306644
1/11/2026,ZMOIII,Padron,Llantas,29322289
1/12/2026,ZMOIII,Padron,Llantas,24602760
1/01/2026,ZMOV,Buseton,Carroceria,59089007
1/02/2026,ZMOV,Buseton,Carroceria,62757627
1/03/2026,ZMOV,Buseton,Carroceria,69384777
1/04/2026,ZMOV,Buseton,Carroceria,77468650
1/05/2026,ZMOV,Buseton,Carroceria,100349485
1/06/2026,ZMOV,Buseton,Carroceria,100719480
1/07/2026,ZMOV,Buseton,Carroceria,126895039
1/08/2026,ZMOV,Buseton,Carroceria,116895228
1/09/2026,ZMOV,Buseton,Carroceria,111757141
1/10/2026,ZMOV,Buseton,Carroceria,114803432
1/11/2026,ZMOV,Buseton,Carroceria,118922822
1/12/2026,ZMOV,Buseton,Carroceria,107687913
1/01/2026,ZMOV,Buseton,Chasis,513037844
1/02/2026,ZMOV,Buseton,Chasis,434714976
1/03/2026,ZMOV,Buseton,Chasis,309162107
1/04/2026,ZMOV,Buseton,Chasis,272736923
1/05/2026,ZMOV,Buseton,Chasis,261795866
1/06/2026,ZMOV,Buseton,Chasis,206303267
1/07/2026,ZMOV,Buseton,Chasis,231214846
1/08/2026,ZMOV,Buseton,Chasis,242371175
1/09/2026,ZMOV,Buseton,Chasis,191730914
1/10/2026,ZMOV,Buseton,Chasis,231315731
1/11/2026,ZMOV,Buseton,Chasis,219537692
1/12/2026,ZMOV,Buseton,Chasis,181644378
1/01/2026,ZMOV,Buseton,Its,18095721
1/02/2026,ZMOV,Buseton,Its,18819550
1/03/2026,ZMOV,Buseton,Its,19302103
1/04/2026,ZMOV,Buseton,Its,18819550
1/05/2026,ZMOV,Buseton,Its,20991037
1/06/2026,ZMOV,Buseton,Its,17371892
1/07/2026,ZMOV,Buseton,Its,19784655
1/08/2026,ZMOV,Buseton,Its,21232313
1/09/2026,ZMOV,Buseton,Its,19060826
1/10/2026,ZMOV,Buseton,Its,17854445
1/11/2026,ZMOV,Buseton,Its,22197418
1/12/2026,ZMOV,Buseton,Its,18819550
1/01/2026,ZMOV,Buseton,Llantas,73200015
1/02/2026,ZMOV,Buseton,Llantas,55559986
1/03/2026,ZMOV,Buseton,Llantas,56436463
1/04/2026,ZMOV,Buseton,Llantas,61196300
1/05/2026,ZMOV,Buseton,Llantas,70620420
1/06/2026,ZMOV,Buseton,Llantas,75360892
1/07/2026,ZMOV,Buseton,Llantas,65496152
1/08/2026,ZMOV,Buseton,Llantas,51216642
1/09/2026,ZMOV,Buseton,Llantas,66112321
1/10/2026,ZMOV,Buseton,Llantas,72375599
1/11/2026,ZMOV,Buseton,Llantas,61925162
1/12/2026,ZMOV,Buseton,Llantas,56332340
1/01/2026,ZMOV,Padron,Carroceria,33422191
1/02/2026,ZMOV,Padron,Carroceria,61241546
1/03/2026,ZMOV,Padron,Carroceria,78537702
1/04/2026,ZMOV,Padron,Carroceria,104224369
1/05/2026,ZMOV,Padron,Carroceria,88581044
1/06/2026,ZMOV,Padron,Carroceria,53623200
1/07/2026,ZMOV,Padron,Carroceria,33879737
1/08/2026,ZMOV,Padron,Carroceria,32087298
1/09/2026,ZMOV,Padron,Carroceria,45433230
1/10/2026,ZMOV,Padron,Carroceria,46713298
1/11/2026,ZMOV,Padron,Carroceria,94865755
1/12/2026,ZMOV,Padron,Carroceria,117639012
1/01/2026,ZMOV,Padron,Chasis,157221303
1/02/2026,ZMOV,Padron,Chasis,210189347
1/03/2026,ZMOV,Padron,Chasis,171336611
1/04/2026,ZMOV,Padron,Chasis,126007360
1/05/2026,ZMOV,Padron,Chasis,101845798
1/06/2026,ZMOV,Padron,Chasis,84696966
1/07/2026,ZMOV,Padron,Chasis,48756031
1/08/2026,ZMOV,Padron,Chasis,73550352
1/09/2026,ZMOV,Padron,Chasis,97077107
1/10/2026,ZMOV,Padron,Chasis,68254237
1/11/2026,ZMOV,Padron,Chasis,56398254
1/12/2026,ZMOV,Padron,Chasis,36141352
1/01/2026,ZMOV,Padron,Its,9168499
1/02/2026,ZMOV,Padron,Its,10374880
1/03/2026,ZMOV,Padron,Its,8203393
1/04/2026,ZMOV,Padron,Its,9651051
1/05/2026,ZMOV,Padron,Its,9168499
1/06/2026,ZMOV,Padron,Its,11098709
1/07/2026,ZMOV,Padron,Its,8203393
1/08/2026,ZMOV,Padron,Its,8927222
1/09/2026,ZMOV,Padron,Its,10374880
1/10/2026,ZMOV,Padron,Its,10133604
1/11/2026,ZMOV,Padron,Its,7238288
1/12/2026,ZMOV,Padron,Its,9651051
1/01/2026,ZMOV,Padron,Llantas,29582597
1/02/2026,ZMOV,Padron,Llantas,28275043
1/03/2026,ZMOV,Padron,Llantas,29374350
1/04/2026,ZMOV,Padron,Llantas,22023770
1/05/2026,ZMOV,Padron,Llantas,18872103
1/06/2026,ZMOV,Padron,Llantas,23904002
1/07/2026,ZMOV,Padron,Llantas,27894668
1/08/2026,ZMOV,Padron,Llantas,24915129
1/09/2026,ZMOV,Padron,Llantas,42033081
1/10/2026,ZMOV,Padron,Llantas,34406249
1/11/2026,ZMOV,Padron,Llantas,33693330
1/12/2026,ZMOV,Padron,Llantas,26639176
