Mes,Empresa,Tipologia,CtdadBus,Kilometros
1/03/2022,ZMOV,Buseton,69,238216
1/03/2022,ZMOV,Padron,32,113778
1/04/2022,ZMOV,Buseton,137,730111
1/04/2022,ZMOV,Padron,63,348720
1/05/2022,ZMOV,Buseton,137,776413
1/05/2022,ZMOV,Padron,63,370835
1/06/2022,ZMOV,Buseton,137,716210
1/06/2022,ZMOV,Padron,63,342081
1/07/2022,ZMOV,Buseton,137,774819
1/07/2022,ZMOV,Padron,63,370074
1/08/2022,ZMOV,Buseton,137,761332
1/08/2022,ZMOV,Padron,63,363632
1/09/2022,ZMOV,Buseton,137,742020
1/09/2022,ZMOV,Padron,63,354408
1/10/2022,ZMOV,Buseton,137,726808
1/10/2022,ZMOV,Padron,63,347143
1/11/2022,ZMOV,Buseton,137,643966
1/11/2022,ZMOV,Padron,63,307575
1/12/2022,ZMOV,Buseton,137,635848
1/12/2022,ZMOV,Padron,63,303698
1/04/2022,ZMOIII,Buseton,59,209828
1/04/2022,ZMOIII,Padron,32,112358
1/05/2022,ZMOIII,Buseton,117,683889
1/05/2022,ZMOIII,Padron,64,366208
1/06/2022,ZMOIII,Buseton,117,630860
1/06/2022,ZMOIII,Padron,64,337812
1/07/2022,ZMOIII,Buseton,117,682485
1/07/2022,ZMOIII,Padron,64,365457
1/08/2022,ZMOIII,Buseton,117,670605
1/08/2022,ZMOIII,Padron,64,359095
1/09/2022,ZMOIII,Buseton,117,659594
1/09/2022,ZMOIII,Padron,64,349986
1/10/2022,ZMOIII,Buseton,117,640195
1/10/2022,ZMOIII,Padron,64,342811
1/11/2022,ZMOIII,Buseton,117,567225
1/11/2022,ZMOIII,Padron,64,303737
1/12/2022,ZMOIII,Buseton,117,560075
1/12/2022,ZMOIII,Padron,64,299908
1/01/2023,ZMOIII,Buseton,68,597713
1/02/2023,ZMOIII,Buseton,68,588157
1/03/2023,ZMOIII,Buseton,68,608512
1/04/2023,ZMOIII,Buseton,68,600624
1/05/2023,ZMOIII,Buseton,68,638714
1/06/2023,ZMOIII,Buseton,68,589188
1/07/2023,ZMOIII,Buseton,68,649901
1/08/2023,ZMOIII,Buseton,68,638588
1/09/2023,ZMOIII,Buseton,68,622390
1/10/2023,ZMOIII,Buseton,68,609630
1/11/2023,ZMOIII,Buseton,68,550531
1/12/2023,ZMOIII,Buseton,68,543591
1/01/2023,ZMOIII,Padron,125,320063
1/02/2023,ZMOIII,Padron,125,314946
1/03/2023,ZMOIII,Padron,125,325846
1/04/2023,ZMOIII,Padron,125,321621
1/05/2023,ZMOIII,Padron,125,342018
1/06/2023,ZMOIII,Padron,125,315498
1/07/2023,ZMOIII,Padron,125,348009
1/08/2023,ZMOIII,Padron,125,341951
1/09/2023,ZMOIII,Padron,125,333277
1/10/2023,ZMOIII,Padron,125,326444
1/11/2023,ZMOIII,Padron,125,294798
1/12/2023,ZMOIII,Padron,125,291082
1/01/2023,ZMOV,Buseton,146,678578
1/02/2023,ZMOV,Buseton,146,667729
1/03/2023,ZMOV,Buseton,146,690838
1/04/2023,ZMOV,Buseton,146,681883
1/05/2023,ZMOV,Buseton,146,725126
1/06/2023,ZMOV,Buseton,146,668900
1/07/2023,ZMOV,Buseton,146,737827
1/08/2023,ZMOV,Buseton,146,724984
1/09/2023,ZMOV,Buseton,146,706593
1/10/2023,ZMOV,Buseton,146,692108
1/11/2023,ZMOV,Buseton,146,625013
1/12/2023,ZMOV,Buseton,146,617134
1/01/2023,ZMOV,Padron,67,324106
1/02/2023,ZMOV,Padron,67,318925
1/03/2023,ZMOV,Padron,67,329962
1/04/2023,ZMOV,Padron,67,325685
1/05/2023,ZMOV,Padron,67,346339
1/06/2023,ZMOV,Padron,67,319484
1/07/2023,ZMOV,Padron,67,352406
1/08/2023,ZMOV,Padron,67,346271
1/09/2023,ZMOV,Padron,67,337487
1/10/2023,ZMOV,Padron,67,330569
1/11/2023,ZMOV,Padron,67,298523
1/12/2023,ZMOV,Padron,67,294760
1/01/2024,ZMOIII,Padron,68,295824
1/02/2024,ZMOIII,Padron,68,344203
1/03/2024,ZMOIII,Padron,68,353621
1/04/2024,ZMOIII,Padron,68,363806
1/05/2024,ZMOIII,Padron,68,377276
1/06/2024,ZMOIII,Padron,68,341940
1/07/2024,ZMOIII,Padron,68,330115
1/08/2024,ZMOIII,Padron,68,373225
1/09/2024,ZMOIII,Padron,68,357780
1/10/2024,ZMOIII,Padron,68,354122
1/11/2024,ZMOIII,Padron,68,349007
1/12/2024,ZMOIII,Padron,68,300379
1/01/2024,ZMOIII,Buseton,125,563331
1/02/2024,ZMOIII,Buseton,125,657752
1/03/2024,ZMOIII,Buseton,125,682317
1/04/2024,ZMOIII,Buseton,125,694489
1/05/2024,ZMOIII,Buseton,125,718860
1/06/2024,ZMOIII,Buseton,125,662725
1/07/2024,ZMOIII,Buseton,125,628456
1/08/2024,ZMOIII,Buseton,125,713845
1/09/2024,ZMOIII,Buseton,125,690341
1/10/2024,ZMOIII,Buseton,125,690944
1/11/2024,ZMOIII,Buseton,125,669704
1/12/2024,ZMOIII,Buseton,125,578922
1/01/2024,ZMOV,Padron,67,296332
1/02/2024,ZMOV,Padron,67,345526
1/03/2024,ZMOV,Padron,67,357074
1/04/2024,ZMOV,Padron,67,364973
1/05/2024,ZMOV,Padron,67,378059
1/06/2024,ZMOV,Padron,67,346218
1/07/2024,ZMOV,Padron,67,330627
1/08/2024,ZMOV,Padron,67,330627
1/09/2024,ZMOV,Padron,67,360145
1/10/2024,ZMOV,Padron,67,354122
1/11/2024,ZMOV,Padron,67,352202
1/12/2024,ZMOV,Padron,67,302130
1/01/2024,ZMOV,Buseton,146,593662
1/02/2024,ZMOV,Buseton,146,690854
1/03/2024,ZMOV,Buseton,146,682317
1/04/2024,ZMOV,Buseton,146,730167
1/05/2024,ZMOV,Buseton,146,757140
1/06/2024,ZMOV,Buseton,146,686738
1/07/2024,ZMOV,Buseton,146,662470
1/08/2024,ZMOV,Buseton,146,750858
1/09/2024,ZMOV,Buseton,146,716688
1/10/2024,ZMOV,Buseton,146,695669
1/11/2024,ZMOV,Buseton,146,702106
1/12/2024,ZMOV,Buseton,146,601639
1/01/2025,ZMOIII,Padron,68,287207
1/02/2025,ZMOIII,Padron,68,334177
1/03/2025,ZMOIII,Padron,68,343321
1/04/2025,ZMOIII,Padron,68,353209
1/05/2025,ZMOIII,Padron,68,366287
1/06/2025,ZMOIII,Padron,68,331980
1/07/2025,ZMOIII,Padron,68,320499
1/08/2025,ZMOIII,Padron,68,362354
1/09/2025,ZMOIII,Padron,68,347359
1/10/2025,ZMOIII,Padron,68,343807
1/11/2025,ZMOIII,Padron,68,338842
1/12/2025,ZMOIII,Padron,68,291630
1/01/2025,ZMOIII,Buseton,125,546923
1/02/2025,ZMOIII,Buseton,125,638594
1/03/2025,ZMOIII,Buseton,125,662444
1/04/2025,ZMOIII,Buseton,125,674261
1/05/2025,ZMOIII,Buseton,125,697922
1/06/2025,ZMOIII,Buseton,125,643422
1/07/2025,ZMOIII,Buseton,125,610151
1/08/2025,ZMOIII,Buseton,125,693053
1/09/2025,ZMOIII,Buseton,125,670234
1/10/2025,ZMOIII,Buseton,125,670819
1/11/2025,ZMOIII,Buseton,125,650198
1/12/2025,ZMOIII,Buseton,125,562060
1/01/2025,ZMOV,Padron,67,287701
1/02/2025,ZMOV,Padron,67,335461
1/03/2025,ZMOV,Padron,67,346673
1/04/2025,ZMOV,Padron,67,354343
1/05/2025,ZMOV,Padron,67,367047
1/06/2025,ZMOV,Padron,67,336133
1/07/2025,ZMOV,Padron,67,320996
1/08/2025,ZMOV,Padron,67,320996
1/09/2025,ZMOV,Padron,67,349655
1/10/2025,ZMOV,Padron,67,343807
1/11/2025,ZMOV,Padron,67,341943
1/12/2025,ZMOV,Padron,67,293330
1/01/2025,ZMOV,Buseton,146,576371
1/02/2025,ZMOV,Buseton,146,670732
1/03/2025,ZMOV,Buseton,146,662444
1/04/2025,ZMOV,Buseton,146,708899
1/05/2025,ZMOV,Buseton,146,735087
1/06/2025,ZMOV,Buseton,146,666736
1/07/2025,ZMOV,Buseton,146,643174
1/08/2025,ZMOV,Buseton,146,728988
1/09/2025,ZMOV,Buseton,146,695813
1/10/2025,ZMOV,Buseton,146,675406
1/11/2025,ZMOV,Buseton,146,681656
1/12/2025,ZMOV,Buseton,146,584115
1/01/2026,ZMOIII,Padron,68,269033
1/02/2026,ZMOIII,Padron,68,259248
1/03/2026,ZMOIII,Padron,68,281248
1/04/2026,ZMOIII,Padron,68,275131
1/05/2026,ZMOIII,Padron,68,266870
1/06/2026,ZMOIII,Padron,68,256588
1/07/2026,ZMOIII,Padron,68,285630
1/08/2026,ZMOIII,Padron,68,266870
1/09/2026,ZMOIII,Padron,68,289933
1/10/2026,ZMOIII,Padron,68,281599
1/11/2026,ZMOIII,Padron,68,253360
1/12/2026,ZMOIII,Padron,68,270117
1/01/2026,ZMOIII,Buseton,125,568330
1/02/2026,ZMOIII,Buseton,125,568111
1/03/2026,ZMOIII,Buseton,125,626765
1/04/2026,ZMOIII,Buseton,125,592393
1/05/2026,ZMOIII,Buseton,125,625642
1/06/2026,ZMOIII,Buseton,125,590898
1/07/2026,ZMOIII,Buseton,125,620568
1/08/2026,ZMOIII,Buseton,125,625642
1/09/2026,ZMOIII,Buseton,125,612834
1/10/2026,ZMOIII,Buseton,125,624323
1/11/2026,ZMOIII,Buseton,125,591744
1/12/2026,ZMOIII,Buseton,125,582646
1/01/2026,ZMOV,Padron,67,295907
1/02/2026,ZMOV,Padron,67,286162
1/03/2026,ZMOV,Padron,67,301497
1/04/2026,ZMOV,Padron,67,291981
1/05/2026,ZMOV,Padron,67,296872
1/06/2026,ZMOV,Padron,67,286136
1/07/2026,ZMOV,Padron,67,302864
1/08/2026,ZMOV,Padron,67,296872
1/09/2026,ZMOV,Padron,67,298862
1/10/2026,ZMOV,Padron,67,302082
1/11/2026,ZMOV,Padron,67,284403
1/12/2026,ZMOV,Padron,67,296522
1/01/2026,ZMOV,Buseton,146,599194
1/02/2026,ZMOV,Buseton,146,596665
1/03/2026,ZMOV,Buseton,146,645397
1/04/2026,ZMOV,Buseton,146,618239
1/05/2026,ZMOV,Buseton,146,631107
1/06/2026,ZMOV,Buseton,146,604732
1/07/2026,ZMOV,Buseton,146,649833
1/08/2026,ZMOV,Buseton,146,631107
1/09/2026,ZMOV,Buseton,146,647543
1/10/2026,ZMOV,Buseton,146,648723
1/11/2026,ZMOV,Buseton,146,600091
1/12/2026,ZMOV,Buseton,146,610979
