Id,P1,P2
637033,,
674013,,
674022,,
674082,,
674104,,
677048,,
674072, 141fba10640c0000,
634034, 141fba10646f0000,
637020,141fb01088ee0000,
637067,141fb01089160000,
677034,141fb010892b0000,
634058,141fba1063da0000,
634039,141fba1063de0000,
634109,141fba1063e00000,
674100,141fba1063e10000,
634004,141fba1063e60000,
674040,141fba1063e70000,
634009,141fba1063ea0000,
674128,141fba1063eb0000,
674102,141fba1063ed0000,
634088,141fba1063f40000,
634113,141fba1063fb0000,
674043,141fba1064050000,
674060,141fba10642e0000,
634013,141fba10645b0000,
634021,141fba10645c0000,
674046,141fba1064640000,
634087,141fba1064730000,
634031,141fba1064740000,
634105,141fba1064770000,
674107,141fba10647a0000,
674005,141fba1064940000,
634094,141fba10649b0000,
634093,141fba1064a30000,
634096,141fba1064a90000,
674078,141fba10696b0000,
674137,141fba1069730000,
674127,141fba1069770000,
674057,141fba1069ee0000,
634008,141fba1069f70000,
674055,141fba106a030000,
674115,141fba106a310000,
634027,141fba106a360000,
674071,141fba106a3e0000,
674120,141fba106a460000,
674030,141fba106a4b0000,
634049,141fba106a4e0000,
674075,141fba106a4f0000,
634040,141fba106a530000,
634045,141fba106a5d0000,
634046,141fba106a600000,
634084,141fba106a620000,
674122,141fba106a650000,
634077,141fba106a660000,
674068,141fba106a6b0000,
634051,141fba106a6d0000,
634055,141fba106a710000,
634048,141fba106a740000,
634041,141fba106a750000,
674113,141fba106a760000,
674017,141fba106a820000,
674029,141fba106a860000,
674026,141fba106a880000,
674035,141fba106a8e0000,
634052,141fba106a8f0000,
674014,141fba106a900000,
634057,141fba106a910000,
674034,141fba106a920000,
677004,141fba1072a80000,
637017,141fba1072b10000,
637037,141fba1072b30000,
677009,141fba1072f80000,
677013,141fba10731c0000,
677007,141fba1073770000,
674123,,141fba1069be0000
674131,,141fba1069880000
674024,,141fba1069550000
677046,,141fb01088ed0000
674130,,141fba1063970000
674001,,141fba10639b0000
634061,,141fba10639e0000
674006,,141fba1063b50000
634112,,141fba1063bb0000
634116,,141fba1063c30000 
634014,,141fba1064380000
674099,,141fba10643c0000
634103,,141fba1064490000
674061,,141fba10644a0000
634012,,141fba10644b0000
674097,,141fba1064510000
634074,,141fba1064880000
674031,,141fba1069a70000
634115,,141fba1069b70000
674090,,141fba1073a70000
674136,,141fba1069460000
674012,,141fba10638b0000
674015,,141fba1069a70000
674069,,141fb01088ff0000
674033,,141fba1069930000
634118,,141fba10693d0000
634079,,141fba1073160000
674076,,141fba1069080000
674143,,141fba10693b0000
674049,,141fba106a010000
674008,,141fba106a800000
674011,,141fba1069b70000
637039,,141fba10731a0000
637056,,141fba1073530000
677005,,141fba10738f0000
677003,,141fba1073a70000
677018,,141fba1088910000
637016,,141fba1088920000
674112,,141fba1069460000
677011,,141fba1088a00000
677021,,141fba1088a60000
677027,,141fba1088a70000
677051,141fb01089220000,141fba1088900000
634073,141fba1063d60000 ,141fba10638c0000
674009,141fba1063e40000,141fba1064500000
674142,141fba1064010000,141fba10638d0000
674086,141fba10647c0000,141fba1064460000
634097,141fba1064810000,141fba1069410000
674134,141fba1064a60000,141fba1063990000
674105,141fba1069790000,141fba10699e0000
674124,141fba1069840000,141fba1069900000
674093,141fba106a400000,141fba1069cb0000
674051,141fba106a4d0000,141fba1069940000
634089,141fba106a540000,141fba1069960000
634082,141fba106a7d0000,141fb01088fd0000
637003,141fba1072a20000,141fba10739c0000 
677037,141fb01088f80000,141fb01088df0000
677055,141fb01089250000,141fb01088e10000
674004,141fba106a0d0000,141fb01088e10000
677020,141fb01088e60000,141fb01088e60000
674133,141fba1064030000,141fba10638b0000
677028,141fb010891e0000,141fb01088e80000
674066,141fba1069f00000,141fb01088e80000
677026,141fba107d5f0000,141fba1059300000
634124,141fba1064090000,141fba10638a0000
634026,141fba1064750000,141fba1063900000
674132,141fba1063d10000,141fba1063910000
674129,141fba1063ff0000,141fba1063920000
674065,141fba1064a70000,141fba1063930000
634059,141fba1064080000,141fba1063950000
674089,141fba1064a50000,141fba1063980000
674085,141fba1063e90000,141fba10639a0000
674095,141fba1064000000,141fba10639d0000
677035,141fb01089380000,141fb01088fd0000
634001,141fba1063d90000,141fba10639f0000
634110,141fba1069720000,141fba1063a20000
674096,141fba1063cf0000,141fba1063a30000
634028,141fba1064610000,141fba1063a40000
674110,141fba1063f90000,141fba1063a60000
674042,141fba1063f80000,141fba1063a70000
674007,141fba1064620000,141fba1063a90000
674109,141fba1064630000,141fba1063aa0000
674108,141fba1063e30000,141fba1063ae0000
634092,141fba10646c0000,141fba1063b20000
674053,141fba106a020000,141fba1063b20000
634100,141fba1063e50000,141fba1063b30000
634086,141fba1063fd0000,141fba1063b40000
634011,141fba1063dd0000,141fba1063b80000
674141,141fba10646b0000,141fba1063b90000
674125,141fba106a320000,141fba1069a70000
634033,141fba1063d70000,141fba1063ba0000
677025,141fb010893a0000,141fb01088ff0000
634122,141fba1069700000,141fba1069930000
634016,141fba1063ec0000,141fba1063bf0000
674062,141fba10646a0000,141fba1063c00000
634123,141fba1064670000,141fba1063c10000
674087,141fba1064650000,141fba1063c20000
674045,141fba1063d50000,141fba1063d50000
634072,141fba10640c0000,141fba10640c0000
634120,141fba1063f10000,141fba1064270000
674092,141fba1064780000,141fba1064290000
674114,141fba106a640000,141fba10693d0000
637060,141fba1072ac0000,141fba1073160000
634106,141fba1064720000,141fba10642c0000
674145,141fba1063d30000,141fba10642d0000
634090,141fba1064aa0000,141fba1064340000
634091,141fba1063f20000,141fba1064350000
634075, 141fba10647b0000,141fba1064370000
634015,141fba1064760000,141fba1064380000
674098,141fba1069fe0000,141fba1069080000
674074,141fba10649c0000,141fba10643d0000
674044,141fba1063d20000,141fba10643e0000
674079,141fba106a3a0000,141fba10643e0000
674094,141fba1063fe0000,141fba10643f0000
634107,141fba1064a40000,141fba1064400000
634010,141fba10640a0000,141fba1064420000
634047,141fba1069f60000,141fba10693b0000
634117,141fba10647b0000,141fba1064440000
637062,141fb01089360000,141fba1064450000
634070,141fba1063d80000,141fba1064450000
634098,141fba1069810000,141fba1064450000
634060,141fba106a610000,141fba1064450000
674073,141fba1064680000,141fba1064470000
674091,141fba1063fe0000,141fba1064480000
674121,141fba1069840000,141fba10644c0000
674077,141fba106a3f0000,141fba10644c0000
677017,141fb01089110000,141fba10644e0000
674083,141fba10640b0000,141fba10644e0000
674018,141fba1063f00000,141fba1064530000
634032,141fba1063ee0000,141fba1064540000
634102,141fba1063fa0000,141fba10645a0000
634005,141fba1064590000,141fba10645a0000
634029,141fba1069ff0000,141fba10645a0000
634017,141fba1064920000,141fba10645e0000
634018,141fba1064710000,141fba1064710000
634108,141fba10647e0000,141fba10647e0000
637044,141fba10730f0000,141fba10647e0000
634003,141fba10645d0000,141fba1064830000
634023,141fba1064810000,141fba1064910000
634022,141fba1064570000,141fba1064930000
634020,141fba1064820000,141fba1064960000
634025,141fba1064580000,141fba1064970000
634076,141fba106a0c0000,141fba1069070000
674028,141fba1069fd0000,141fba1069090000
634069,141fba106a960000,141fba10690b0000
674016,141fba1069f40000,141fba10690c0000
634030,141fba106a070000,141fba10690d0000
674027,141fba1069750000,141fba10690e0000
634050,141fba1069680000,141fba1069110000
677045,141fb010890f0000,141fba1088810000
674019,141fba106a8d0000,141fba1069120000
674002,141fba1069f90000,141fba1069130000
634068,141fba1069f10000,141fba1069140000
674063,141fba106a8c0000,141fba1069150000
634038,141fba1069f80000,141fba10691a0000
674144,141fba106a410000,141fba10691d0000
634104,141fba1069710000,141fba10691e0000
674084,141fba106a3c0000,141fba1069200000
634019,141fba1069fa0000,141fba106a100000
634121,141fba106a3b0000,141fba1069220000
634078,141fba106a7c0000,141fba1069230000
634101,141fba106a500000,141fba1069260000
674080,141fba106a440000,141fba1069280000
674041,141fba10690f0000,141fba10692a0000
674103,141fba106a6c0000,141fba10692b0000
674088,141fba10697a0000,141fba10692c0000
634085,141fba10696d0000,141fba10692e0000
634002,141fba10696c0000,141fba1069300000
634053,141fba106a330000,141fba1069320000
634042,141fba106a720000,141fba1069350000
634080,141fba106a930000,141fba1069360000
674054,141fba10696f0000,141fba1069370000
674038,141fba1069f50000,141fba1069380000
674081,141fba10697c0000,141fba10693a0000
634063,141fba10697e0000,141fba1069210000
634099,141fba106a620000 ,141fba10693e0000
674116,141fba106a700000,141fba1069420000
674117,141fba10696e0000,141fba1069440000
677010,141fba1072b70000,141fba1069440000
634067,141fba106a390000,141fba1069450000
637066,141fb010891a0000,141fba1069470000
674101,141fba1069800000,141fba1069490000
634064,141fba106a830000,141fba10694a0000
634037,141fba1069f20000,141fba10694d0000
674056,141fba1069b20000,141fba10694e0000
674036,141fba106a850000,141fba1069510000
674021,141fba106a0b0000,141fba1069540000
674037,141fba106a950000,141fba1069570000
674025,141fba106a470000,141fba1069580000
674023,141fba1069f30000,141fba10695c0000
634043,141fba106a840000,141fba10695d0000
634062,141fba1069fc0000,141fba10695f0000
674032,141fba106a480000,141fba1069610000
634036,141fba106a0e0000,141fba1069660000
634081,141fba10697c0000,141fba10697c0000
634071,141fba1069820000,141fba1069820000
637065,141fb01088f00000,141fba1069850000
674050,141fba106a510000,141fba1069850000
637061,141fb010893e0000,141fba1069860000
674118,141fba106a5f0000,141fba1069860000
674064,141fba10697f0000,141fba1069870000
674135,141fba106a770000,141fba10698b0000
674146,141fba10697b0000,141fba10698d0000
634095,141fba1069780000,
634007,141fba106a790000,141fba1069950000
634006,141fba106a630000,141fba1069970000
674067,141fba10697d0000,141fba10699a0000
634035,141fba106a870000,141fba106a0f0000
674010,141fba106a730000,141fba10699f0000
634066,141fba1069690000,141fba1069a00000
674039,141fba106a680000,141fba1069a10000
634054,141fba106a420000,141fba1069a20000
634083,141fba106a450000,141fba1069a30000
674059,141fba106a370000,141fba1069a40000
677041,141fb01088e40000,141fba1069a50000
634111,141fba106a7a0000,141fba1069a50000
634065,141fba106a350000,141fba1069a80000
674106,141fba10696a0000,141fba1069a90000
677050, 141fb010893c0000,141fba1069aa0000
674140,141fba1069760000,141fba1069aa0000
634119,141fba106a4c0000,141fba1069ac0000
634114,141fba106a780000,141fba1069ae0000
634056,141fba106a080000,141fba1069b20000
674058,141fba106a060000,141fba1069b30000
674139,141fba106a8a0000,141fba1069b60000
674138,141fba1069830000,141fba1069b70000
677058,141fb010891d0000,141fba1069b80000
674052,141fba106a090000,141fba1069b80000
634024,141fba106a050000,141fba1069b90000
674119,141fba106a6f0000,141fba1069bb0000
634125,141fba1064020000,141fba1069bd0000
677001,141fba106a5c0000,141fba1069ca0000
637001,141fba106a290000,141fba1069cc0000
634044,141fba106a8b0000,141fba106a110000
674020,141fba106a5e0000,141fba106a120000
674111,141fba1064660000,141fba1063ac0000
674003,141fba106a810000,141fba106a7f0000
637059,141fba1072b40000,141fba1073150000
637027,141fba10729f0000,141fba1073170000  
637043,141fba1073720000,141fba1073170000  
677065,141fba1072ae0000,141fba1073180000
637002,141fba1072ad0000,141fba1073190000
637052,141fba1072c00000,141fba10731d0000
637036,141fba1073060000,141fba10731e0000
677066,141fba1072f90000,141fba1073540000
677032,141fba1073110000,141fba1073550000
677014,141fba1072bf0000,141fba1073560000
637058,141fba1072fd0000,141fba1073570000
637009,141fba1073720000,141fba10735f0000
637046,141fba1073100000,141fba1073600000
637005,141fba10737b0000,141fba1073610000
677040,141fb01088e20000,141fba1073620000
677039,141fba1072a30000,141fba1073620000
637047,141fba1073700000,141fba1073640000
637015,141fba1072ab0000,141fba1073650000
637045,141fba1072a60000,141fba1073660000
637035,141fba10737a0000,141fba1073670000  
637048,141fba1072aa0000,141fba1073690000
637040,141fba1072a00000,141fba10736a0000
637049,141fba1072f70000,141fba10736a0000  
637038,141fba1072b20000,141fba1073830000
637055,141fba1072a90000,141fba1073840000
677059,141fb01089140000,141fb01089010000
637051,141fba10737c0000,141fba1073850000
637014,141fba1073080000,141fba1073860000
637012,141fba1073710000,141fba1073870000
637030,141fba10730e0000,141fba1073880000
637013,141fba1072bd0000,141fba1073890000
637006,141fba1072a50000,141fba10738a0000
677036,141fba10730b0000,141fba10738b0000
637007,141fba1072a70000,141fba10738c0000 
637032,141fba1073780000,141fba10738e0000
637011,141fb01089130000,141fba1073900000
637026,141fba1073790000,141fba1073920000
637050,141fba10730c0000,141fba1073930000
637029,141fba1073760000,141fba1073940000
637004,141fba1073050000,141fba1073950000
637010,141fba1072bc0000,141fba1073960000
637025,141fba1072a40000,141fba1073970000
637054,141fba1073070000,141fba1073990000
637057,141fba1072bb0000,141fba10739a0000
677006,141fba1073130000,141fba10739b0000
637021,141fba1072ba0000,141fba10739d0000
637034,141fba1073090000,141fba10739f0000
677064,141fba10730a0000,141fba1073a00000
637042,141fba1072a10000,141fba1073a10000
637031,141fba1072b50000,141fba1073a20000
677002,141fba1072b60000,141fba1073a40000
677063,141fba1073a60000,141fba1073a60000
637024,141fba10736f0000,141fba1073a80000
637041,141fba1072b90000,141fba1073a90000
677044,141fb01089340000,141fba1088770000
677019,141fb01089270000,141fba1088790000
677052,141fb01088f10000,141fba10887a0000
637064,141fb010890d0000,141fba10887b0000  
677031,141fb01089100000,141fba10887c0000
677053,141fb01088f40000,141fba10887d0000
674047,141fba1064a80000,141fba10887d0000
677060,141fb01088f30000,141fba10887e0000
677043,141fb01089320000,141fba10887f0000
677008, 141fb010892a0000,141fba1088800000
677022,141fb010892c0000,141fba1088820000
677015,141fb01089300000,141fba1088830000
677067,141fb010892d0000,141fba1088840000
677056,141fb01089290000,141fba1088850000
637023,141fb01089170000,141fba1088860000
637022,141fb01088f20000,141fba1088870000
677016,141fb01089310000,141fba1088880000
637028,141fb01089240000,141fba1088890000
637053,141fba10729d0000,141fba1088890000
637018,141fb010892e0000,141fba10888c0000
637063,141fb010891b0000,141fba10888d0000
677023,141fb01089210000,141fba10888e0000
677049,141fb01089150000,141fba10888f0000
677033,141fb01088f50000,141fba1088930000
677061,141fb010890e0000,141fba1088950000
677038,141fb01089330000,141fba1088960000
674126,141fba106a800000,141fba1088960000
637019,141fb010892f0000,141fba1088970000
677012,141fb010891c0000,141fba1088980000
637008,141fb01089180000,141fba10889a0000
637068,141fb01089200000,141fba10889b0000
677062,141fb01089280000,141fba10889c0000
677042,141fb01089390000,141fba10889d0000
677047,141fb01088ef0000,141fba10889e0000
677024,141fb01089350000,141fba1088a10000
677054,141fb010893d0000,141fba1088a20000
677057,141fb01089260000,141fba1088a50000
677029,141fb01088dc0000,141fba1088a80000
677030,141fb01089370000,41fba10888a0000
,,
