Turno,HoraIni,HoraFin,PassDay,Tiempo1P,Tiempo2P,CicloInicio,CicloFin
D,0:00,0:00,0,0,0,1/04/2022,31/12/2037
T1A,6:00,14:00,0,0,0,1/04/2022,31/12/2037
T2A,14:00,22:00,0,0,0,1/04/2022,31/12/2037
T3A,22:00,6:00,1,0,0,1/04/2022,31/12/2037
T4A,7:00,16:00,0,0,0,1/04/2022,31/12/2037
V,0:00,0:00,0,0,0,1/04/2022,31/12/2037
T1R,6:00,13:00,0,7,0,1/04/2022,31/12/2037
T2R,14:00,21:00,0,7,0,1/04/2022,31/12/2037
T3R,22:00,5:00,1,2,5,1/04/2022,31/12/2037
T1,6:00,14:00,0,8,0,1/04/2022,15/07/2023
T2,14:00,22:00,0,8,0,1/04/2022,15/07/2023
T3,22:00,6:00,1,2,6,1/04/2022,15/07/2023
T4,7:00,17:00,0,8,0,1/04/2022,15/07/2023
T1,6:00,14:00,0,7.833,0,16/07/2023,15/07/2024
T2,14:00,22:00,0,7.833,0,16/07/2023,15/07/2024
T3,22:00,6:00,1,2,5.833,16/07/2023,15/07/2024
T4,7:00,17:00,0,7.833,0,16/07/2023,15/07/2024
T1,6:00,14:00,0,7.667,0,16/07/2024,30/06/2025
T2,14:00,22:00,0,7.667,0,16/07/2024,30/06/2025
T3,22:00,6:00,1,2,5.667,16/07/2024,30/06/2025
T4,7:00,17:00,0,7.667,0,16/07/2024,30/06/2025
T5,13:00,21:00,0,7.667,0,16/07/2024,30/06/2025
T6,21:00,5:00,1,2.833,4.834,16/07/2024,30/06/2025
T7,5:00,13:00,0,7.667,0,16/07/2024,30/06/2025
T8,23:00,7:00,1,0.833,6.834,16/07/2024,30/06/2025
T9,7:00,15:00,0,7.667,0,16/07/2024,30/06/2025
T10,15:00,22:00,0,7.667,0,16/07/2024,30/06/2025
T11,23:00,6:00,1,1,6,16/07/2024,30/06/2025
T12,8:00,17:00,0,7.667,0,16/07/2024,30/06/2025
T1,6:10,13:30,0,7.333,0,1/07/2025,31/12/2037
T2,5:10,12:30,0,7.333,0,1/07/2025,31/12/2037
T3,6:00,13:20,0,7.333,0,1/07/2025,31/12/2037
T4,6:40,14:00,0,7.333,0,1/07/2025,31/12/2037
T5,7:30,15:50,0,7.333,0,1/07/2025,31/12/2037
T6,8:30,16:50,0,7.333,0,1/07/2025,31/12/2037
T7,11:00,18:20,0,7.333,0,1/07/2025,31/12/2037
T8,8:00,16:20,0,7.333,0,1/07/2025,31/12/2037
T9,14:10,21:30,0,7.333,0,1/07/2025,31/12/2037
T10,13:10,20:30,0,7.333,0,1/07/2025,31/12/2037
T11,14:00,21:20,0,7.333,0,1/07/2025,31/12/2037
T12,14:40,22:00,0,7.333,0,1/07/2025,31/12/2037
T13,13:40,21:00,0,7.333,0,1/07/2025,31/12/2037
T14,12:40,20:00,0,7.333,0,1/07/2025,31/12/2037
T15,22:10,5:30,0,7.333,0,1/07/2025,31/12/2037
T16,19:10,3:30,1,4.833,2.5,1/07/2025,31/12/2037
T17,21:10,4:30,1,2.833,4.5,1/07/2025,31/12/2037
T18,21:00,4:20,1,3,4.333,1/07/2025,31/12/2037
T19,22:30,5:50,1,1.5,5.833,1/07/2025,31/12/2037
T20,23:10,6:30,1,0.833,6.5,1/07/2025,31/12/2037
T21,22:00,5:20,1,2,5.333,1/07/2025,31/12/2037
T22,22:40,6:00,1,1.333,6,1/07/2025,31/12/2037
T23,6:00,14:00,0,8,0,1/07/2025,31/12/2037
T24,6:00,13:00,0,7,0,1/07/2025,31/12/2037
T25,7:00,14:00,0,7,0,1/07/2025,31/12/2037
T26,14:00,22:00,0,8,0,1/07/2025,31/12/2037
T27,14:00,21:00,0,7,0,1/07/2025,31/12/2037
T28,15:00,22:00,0,7,0,1/07/2025,31/12/2037
T29,22:00,6:00,1,2,6,1/07/2025,31/12/2037
T30,22:00,5:00,1,2,5,1/07/2025,31/12/2037
T31,23:00,6:00,1,1,6,1/07/2025,31/12/2037
